seqnames,start,end,width,strand,gene_name,gene_id,EnrichNumber,MeanMethDiff,MeanBeta.WildType_1,MeanBeta.WildType_2,MeanBeta.WildType_3,MeanBeta.Mutation_1,MeanBeta.Mutation_2,MeanBeta.Mutation_3
13,24669059,24671258,2200,-,znf511,ENSDARG00000000760, 2, 16.47460521,0.705882353,0.783333333,0.947368421,0.979379252,1.000000000,0.951546003
7,41158225,41160424,2200,+,scrib,ENSDARG00000000861, 1,-21.35989011,0.666666667,0.386363636,0.162790698,0.222222222,0.062500000,0.090909091
7,17690784,17692983,2200,-,map4k2,ENSDARG00000001234, 1,-42.50440917,0.950354610,0.961538462,0.880000000,0.593220339,0.314606742,0.829268293
3,15496411,15498610,2200,-,sgf29,ENSDARG00000002339, 1, 16.94372426,0.769230769,0.814814815,0.666666667,0.873239437,0.969696970,0.903225806
18, 7056561, 7058760,2200,-,utp15,ENSDARG00000002720, 1,-15.25276842,0.921933086,0.943181818,1.000000000,0.768656716,0.735159817,0.892857143
1, 1710140, 1712339,2200,+,atp1a1a.1,ENSDARG00000002791, 1, 27.72277228,0.000000000,0.000000000,0.000000000,0.333333333,0.000000000,0.347826087
12, 6177695, 6179894,2200,-,a1cf,ENSDARG00000002968, 2,  2.37067879,0.567251462,0.510520705,0.558626768,0.527777778,0.607228916,0.566666667
21,45349349,45351548,2200,-,skp1,ENSDARG00000003151, 1, 19.06686006,0.907563025,0.661764706,0.701492537,0.980769231,0.984375000,0.958333333
7,34413199,34415398,2200,-,madd,ENSDARG00000003495, 2,-24.89780899,1.000000000,0.949358974,0.904761905,0.560000000,0.895833333,0.666049954
8, 7504002, 7506201,2200,-,cdk20,ENSDARG00000003867, 1,-17.21095806,1.000000000,0.970588235,1.000000000,1.000000000,0.812500000,0.600000000
13,11548454,11550653,2200,+,desi2,ENSDARG00000004460, 1, 25.87365591,0.555555556,0.730769231,0.692307692,1.000000000,1.000000000,0.878048780
12,45196839,45199038,2200,-,bccip,ENSDARG00000004948, 1,-15.14285714,0.263157895,0.127659574,0.179487179,0.029411765,0.023809524,0.000000000
24,24084249,24086448,2200,+,lipib,ENSDARG00000005332, 1,-16.51376147,0.056603774,0.366666667,0.153846154,0.000000000,0.000000000,0.000000000
6, 3728843, 3731042,2200,+,FO704755.1,ENSDARG00000005846, 1, 20.08003766,1.000000000,0.636363636,0.607142857,0.942857143,0.814814815,0.890243902
8,47815454,47817653,2200,+,pimr185,ENSDARG00000006109, 1,-21.12668082,0.396694215,0.090909091,0.122448980,0.052173913,0.063063063,0.034090909
25,35664618,35666817,2200,-,lrrk2,ENSDARG00000006169, 1,-35.01955671,0.583333333,0.937500000,0.476190476,0.272727273,0.583333333,0.428571429
10,15253012,15255211,2200,+,vldlr,ENSDARG00000006257, 1, 28.37977296,0.343750000,0.900000000,0.866666667,0.880000000,0.833333333,0.857142857
17,48935924,48938123,2200,-,gnmt,ENSDARG00000006840,10,-15.22868290,0.870437901,0.904228391,0.915746753,0.563918304,0.809162925,0.645825932
8,54223117,54225316,2200,-,trh,ENSDARG00000006868, 1,-15.24436090,0.000000000,0.100000000,0.866666667,0.062500000,0.000000000,0.000000000
9, 3866508, 3868707,2200,-,myo3b,ENSDARG00000006892, 1,-44.21242212,0.932203390,0.888888889,0.935185185,0.282051282,0.651612903,0.352272727
8,52229916,52232115,2200,-,tcf7l1b,ENSDARG00000007369, 1,-34.93179000,0.666666667,0.785714286,0.894736842,0.363636364,0.500000000,0.333333333
23,39344774,39346973,2200,+,src,ENSDARG00000008107, 1,-41.87030075,0.761363636,0.454545455,0.846153846,0.054545455,0.480000000,0.468085106
5,22052653,22054852,2200,-,mtmr8,ENSDARG00000008592, 1,-18.93768546,0.903225806,0.807692308,0.750000000,0.950495050,0.600000000,0.485148515
1,41463771,41465970,2200,+,paip2b,ENSDARG00000008706, 1, 31.42572283,0.076923077,0.606060606,0.512820513,1.000000000,1.000000000,0.625000000
7,44606224,44608423,2200,+,cmtm3,ENSDARG00000008811, 1,-50.47619048,1.000000000,1.000000000,0.789473684,0.666666667,0.611111111,0.000000000
2,10386539,10388738,2200,-,wls,ENSDARG00000009534, 1,-18.98541399,0.938775510,0.967741935,0.913043478,0.640000000,0.605633803,0.911504425
4, 5775308, 5777507,2200,-,ccnc,ENSDARG00000009607, 1,-38.72611465,0.500000000,0.357142857,0.380952381,0.000000000,0.018181818,0.037037037
18,36662654,36664853,2200,+,capn12,ENSDARG00000010758, 2,-45.17857143,0.442307692,0.577777778,0.923076923,0.166666667,0.615384615,0.000000000
1,54011457,54013656,2200,+,dla,ENSDARG00000010791, 1,-46.71945701,1.000000000,0.859649123,0.593750000,0.250000000,0.259259259,0.422222222
15,37799297,37801496,2200,-,si:dkey-42l23.2,ENSDARG00000011083, 1, 16.97936210,0.724137931,0.947368421,0.647058824,0.939393939,0.933333333,0.947368421
19,44054809,44057008,2200,-,uqcrb,ENSDARG00000011146, 1, 21.15079365,0.727272727,0.500000000,0.882352941,0.913043478,1.000000000,0.888888889
21,31432251,31434450,2200,+,si:ch211-12m10.1,ENSDARG00000011171, 1,-40.08025682,0.727272727,0.958333333,0.714285714,0.166666667,0.409090909,0.722222222
23, 4888693, 4890892,2200,+,tnnc1a,ENSDARG00000011400, 1, 57.42813254,0.791666667,0.107142857,0.538461538,0.930232558,0.896551724,0.923076923
16,31394647,31396846,2200,+,scxb,ENSDARG00000011635, 1, 54.96215307,1.000000000,0.275862069,0.235294118,1.000000000,0.965517241,0.956521739
23,39459989,39462188,2200,+,mical1,ENSDARG00000011809,10,-20.35053818,0.943016778,0.739094548,0.693837513,0.376152797,0.507218766,0.951062675
23,16812968,16815167,2200,+,zgc:100832,ENSDARG00000012035, 2, 22.87905524,0.500000000,0.323596143,0.220000000,0.648782468,0.514300306,0.340277778
2, 6039558, 6041757,2200,-,scp2a,ENSDARG00000012194, 1,-36.17263998,0.909090909,0.470588235,0.909090909,0.096774194,0.181818182,0.629032258
9,49860557,49862756,2200,-,ttc21b,ENSDARG00000012368, 1,-25.22849267,0.842105263,0.478260870,0.894736842,0.363636364,0.609756098,0.410256410
24, 3048020, 3050219,2200,+,inhbaa,ENSDARG00000012671, 1, 45.31818182,0.359756098,0.418181818,0.607142857,0.948453608,0.946308725,0.693877551
22,18241191,18243390,2200,-,tmem161a,ENSDARG00000012790, 1, 34.98273878,0.109589041,0.177419355,0.317073171,0.333333333,0.777777778,0.500000000
6, 1874465, 1876664,2200,-,dlgap4b,ENSDARG00000012823, 1,-46.28523921,0.946666667,0.812500000,0.916666667,0.360000000,0.745098039,0.313725490
12, 9181626, 9183825,2200,+,tubgcp2,ENSDARG00000013079, 1, 38.52996255,0.020833333,0.383333333,0.500000000,0.649253731,0.481132075,0.887931034
1,53714686,53716885,2200,-,cct4,ENSDARG00000013475, 4,-33.70370370,0.583333333,0.354060102,0.279597701,0.000000000,0.000000000,0.000000000
1,  157364,  159563,2200,-,pcid2,ENSDARG00000013802, 1,-20.11879160,0.841666667,0.650000000,0.810810811,0.803921569,0.293103448,0.492307692
8,14913332,14915531,2200,+,abl2,ENSDARG00000013841, 3, 24.18044589,0.533834586,0.380314309,0.855392157,0.821399159,0.764466272,0.723941263
2, 7073220, 7075419,2200,+,cdc14aa,ENSDARG00000013858, 3,-47.09134615,0.909090909,0.962962963,1.000000000,0.381111111,0.416666667,0.666666667
15,31804303,31806502,2200,+,frya,ENSDARG00000013921, 1,-65.11150987,0.736842105,1.000000000,0.529411765,0.000000000,0.100000000,0.107142857
16,30434080,30436279,2200,-,pdia7,ENSDARG00000014015, 1,-56.69059216,1.000000000,0.900000000,0.875000000,0.100000000,0.329268293,0.476635514
15,35126433,35128632,2200,-,zgc:55413,ENSDARG00000014208, 2, 26.34838419,0.357142857,0.200000000,0.312500000,0.642857143,0.556818182,0.571428571
9,  848870,  851069,2200,-,c1ql2,ENSDARG00000015592, 1, 22.64150943,0.000000000,0.000000000,0.000000000,0.160000000,0.142857143,0.406250000
11,41836036,41838235,2200,+,akr7a3,ENSDARG00000016649, 2,-18.31950282,0.766304348,0.774234694,0.680886243,0.330000000,0.497016497,0.738823529
15,42283631,42285830,2200,-,farsb,ENSDARG00000016864, 1,-25.13607125,0.090909091,0.117647059,0.578947368,0.000000000,0.000000000,0.100000000
23, 9086191, 9088390,2200,+,cables2b,ENSDARG00000017154, 4, 27.02294616,0.437500000,0.665078054,0.477783334,0.870716678,0.927083333,0.749740783
13,15799192,15801391,2200,-,bag5,ENSDARG00000017316, 1,-17.83280922,0.731707317,0.145161290,0.536585366,0.365384615,0.013157895,0.380952381
24,   39368,   41567,2200,-,cdh7b,ENSDARG00000017649,10,-34.45836783,0.407825445,0.434166667,0.119262442,0.005812695,0.002227174,0.013894133
22,11142153,11144352,2200,+,bcor,ENSDARG00000017798, 4,-22.56640158,0.483888889,0.457916431,0.265957447,0.127770240,0.123355263,0.271006212
5,14442925,14445124,2200,-,kat6a,ENSDARG00000018907, 1,-20.09328003,0.636363636,0.511627907,0.469387755,0.300000000,0.275862069,0.320754717
23,41887093,41889292,2200,+,podn,ENSDARG00000019025, 1,-39.29967882,0.914473684,0.933333333,1.000000000,0.308411215,0.639175258,0.783333333
20, 1270526, 1272725,2200,+,hsd3b2,ENSDARG00000019747, 2, 27.91375291,0.648585651,0.652165864,0.375000000,0.881294964,0.843558282,0.866141732
10,41399850,41402049,2200,-,gpat4,ENSDARG00000019897, 3,-38.25480677,0.572582160,0.521367521,0.624608764,0.195766249,0.075248281,0.275950387
1,52128226,52130425,2200,-,rad23aa,ENSDARG00000020001, 1, 38.20090166,0.111111111,0.781250000,0.500000000,0.929824561,0.965517241,0.555555556
17,51680429,51682628,2200,+,nol10,ENSDARG00000020077, 1,-34.81651376,0.821428571,0.800000000,0.769230769,0.543478261,0.151515152,0.585365854
25,16192450,16194649,2200,+,mical2b,ENSDARG00000020395, 1, 26.80000000,0.323076923,0.758620690,0.681818182,0.804878049,0.511627907,1.000000000
12, 9087367, 9089566,2200,-,exoc6,ENSDARG00000020521, 1,-33.81374723,0.949720670,0.977777778,1.000000000,0.755244755,0.628571429,0.431192661
11, 3381144, 3383343,2200,-,mcrs1,ENSDARG00000020840, 1, 17.33333333,0.757575758,0.888888889,0.727272727,1.000000000,1.000000000,0.958333333
21,19018256,19020455,2200,-,nefma,ENSDARG00000021351, 1, 18.40090944,0.000000000,0.000000000,0.032258065,0.322580645,0.000000000,0.210526316
5,56924548,56926747,2200,-,ppm1db,ENSDARG00000021380, 1, 48.19494585,0.000000000,0.485714286,0.904761905,0.967479675,1.000000000,0.983870968
21,38815785,38817984,2200,+,hnf1bb,ENSDARG00000022295, 1, 44.67821384,0.171270718,0.357894737,0.438356164,0.637362637,0.711764706,0.831578947
23,39609688,39611887,2200,+,otud3,ENSDARG00000022648, 1, 24.89895470,0.764705882,0.268292683,0.375000000,0.785714286,0.100000000,0.558139535
2,23348917,23351116,2200,-,niban1b,ENSDARG00000023053, 1, 27.14491709,0.444444444,0.621621622,0.633333333,0.666666667,1.000000000,0.866666667
23,45454490,45456689,2200,+,ccn1,ENSDARG00000023062, 1, 78.30588655,0.000000000,0.096296296,0.292134831,0.954545455,0.945312500,0.960000000
22,13042793,13044992,2200,-,ahr1b,ENSDARG00000023537, 3,-26.72400934,0.037037037,0.342721088,0.403628118,0.063386525,0.122807018,0.074030781
9,33725773,33727972,2200,-,mao,ENSDARG00000023712, 4,-50.09298488,0.645833333,0.673796791,0.535714286,0.108333333,0.010869565,0.180061684
20, 6278618, 6280817,2200,-,opn7a,ENSDARG00000024208, 2, -8.67556823,0.794933121,0.828042328,0.771015493,0.808833738,0.677724724,0.696969697
10,44040033,44042232,2200,+,cryba4,ENSDARG00000024548, 1,-16.99708594,0.822222222,0.853658537,0.828571429,0.595744681,0.630434783,0.725000000
16,43366572,43368771,2200,+,rnf144b,ENSDARG00000024940, 1,-20.55629433,1.000000000,0.970588235,0.789473684,0.772727273,0.875000000,0.511627907
14,23801190,23803389,2200,-,nr3c1,ENSDARG00000025032, 1,-45.86776860,0.937500000,0.959183673,0.955555556,0.294117647,0.619047619,0.506024096
6,42948985,42951184,2200,-,edem1,ENSDARG00000025094, 4,-27.28033006,0.349833148,0.076923077,0.300000000,0.000000000,0.010416667,0.000000000
23,  551396,  553595,2200,+,lsm14b,ENSDARG00000025386, 1,-15.94443931,0.000000000,0.425000000,0.120000000,0.008849558,0.014285714,0.000000000
19,38872451,38874650,2200,-,adgrb2,ENSDARG00000025667, 1, 17.74112944,0.363636364,0.820000000,0.730769231,1.000000000,0.857142857,0.913043478
20, 2132816, 2135015,2200,+,l3mbtl3,ENSDARG00000025983, 6, 20.33216701,0.036267030,0.136566871,0.188504443,0.161949686,0.560688406,0.298303091
17,12498020,12500219,2200,-,emilin1b,ENSDARG00000026166, 1, 33.26424870,1.000000000,0.500000000,0.500000000,0.923076923,0.921052632,0.960784314
13,50247490,50249689,2200,-,gpatch11,ENSDARG00000026892, 7,-25.69610448,0.478329223,0.464933560,0.677401032,0.271549128,0.253834372,0.359596942
25,34723777,34725976,2200,-,nup160,ENSDARG00000027140, 1,-16.36531744,0.556962025,0.535714286,0.681818182,0.371794872,0.428571429,0.423728814
13,36566061,36568260,2200,-,synj2bp,ENSDARG00000028321, 1,-18.22098604,0.000000000,0.137931034,0.535714286,0.050000000,0.000000000,0.011494253
19,35339828,35342027,2200,-,macf1a,ENSDARG00000028533, 3, 16.83467679,0.711111111,0.749831650,0.706495098,0.926000597,0.855555556,0.893465674
2,32356340,32358539,2200,-,asap1a,ENSDARG00000029463, 1,-26.85834502,0.857142857,0.769230769,0.733333333,0.473684211,0.550000000,0.591836735
3,52897801,52900000,2200,+,atp13a1,ENSDARG00000029931, 1,-54.50110865,0.965517241,0.418181818,0.564102564,0.024630542,0.086956522,0.038167939
7,23894680,23896879,2200,-,vbp1,ENSDARG00000030241, 1,-34.27238984,0.933333333,0.955555556,0.894736842,0.803921569,0.666666667,0.326530612
13, 6084730, 6086929,2200,+,fam120b,ENSDARG00000030804, 1,-41.00743746,0.666666667,0.800000000,0.250000000,0.261538462,0.229166667,0.049180328
23,36614717,36616916,2200,+,pip4k2ca,ENSDARG00000031020, 2, -1.59203980,0.777777778,0.869565217,0.923076923,0.966666667,0.714285714,0.855263158
8, 2591455, 2593654,2200,-,seta,ENSDARG00000031495, 2, 23.04939916,0.590909091,0.778688525,0.848837209,0.981900082,0.950000000,0.944444444
24,21718304,21720503,2200,+,pan3,ENSDARG00000031637, 1, 20.11072261,0.612903226,0.657894737,0.828571429,0.853658537,0.875000000,0.955882353
9,27410460,27412659,2200,-,poglut2,ENSDARG00000031971, 9, 21.91259652,0.929196242,0.467709751,0.501910641,0.959997173,0.965785786,0.982061008
6,37403245,37405444,2200,-,cthl,ENSDARG00000032206, 6,-17.03411048,0.112016908,0.191056911,0.226190476,0.014021164,0.012195122,0.008333333
20, 2712991, 2715190,2200,-,rars2,ENSDARG00000032277, 2,-23.27538069,0.727272727,0.670833333,0.166666667,0.367324561,0.412575453,0.192771084
4,77979233,77981432,2200,-,ckap4,ENSDARG00000032405, 1, 15.19283210,0.017543860,0.247058824,0.096774194,0.346774194,0.300847458,0.182795699
17, 9936716, 9938915,2200,-,egln3,ENSDARG00000032553, 3,-19.81271476,0.104166667,0.297035947,0.313940466,0.116855822,0.147222222,0.030438484
17,26926378,26928577,2200,-,rcan3,ENSDARG00000032623, 1, 18.01801802,0.000000000,0.000000000,0.000000000,0.307692308,0.619047619,0.038961039
9,22892639,22894838,2200,-,neb,ENSDARG00000032630, 1, 23.24745815,1.000000000,0.630434783,0.755555556,0.950819672,0.969696970,0.969696970
17,27062158,27064357,2200,+,rps6ka1,ENSDARG00000033437, 1, 25.91991342,0.090909091,0.714285714,0.708333333,1.000000000,0.846153846,0.804878049
13,12604821,12607020,2200,+,metap1,ENSDARG00000033440, 3,-34.51170214,0.638888889,0.412360021,0.697435897,0.200381616,0.072285354,0.194771242
19,41167996,41170195,2200,+,asb4,ENSDARG00000034988, 1, 25.09578544,0.625000000,0.538461538,0.714285714,0.934782609,0.800000000,0.857142857
5, 9132187, 9134386,2200,+,pimr123,ENSDARG00000035646, 1, 27.52655019,0.750000000,0.507246377,0.553191489,0.950000000,0.918032787,0.793103448
7,40226422,40228621,2200,+,ptprn2,ENSDARG00000035970, 1, 29.87804878,0.250000000,0.317073171,0.105263158,0.659090909,0.608695652,0.133333333
18,   60932,   63131,2200,+,slc27a2a,ENSDARG00000036237, 5,-25.87374273,0.788400438,0.703341966,0.810908417,0.756610731,0.298075090,0.528137652
11,40172096,40174295,2200,-,si:dkey-264d12.4,ENSDARG00000036428, 1, 35.28399312,0.333333333,0.392857143,0.000000000,0.464285714,0.750000000,0.695652174
14,21336186,21338385,2200,-,egr1,ENSDARG00000037421, 4,-15.57175694,0.170949074,0.199255486,0.072268908,0.001344086,0.008620690,0.003571429
14,12837233,12839432,2200,-,gria3b,ENSDARG00000037498, 1, 15.43790626,0.869565217,0.727272727,0.764705882,0.961538462,0.964285714,0.875000000
17, 4366859, 4369058,2200,+,crls1,ENSDARG00000038000, 1,-50.86805556,0.729411765,0.659574468,0.800000000,0.068965517,0.378640777,0.000000000
25, 3757553, 3759752,2200,+,thoc5,ENSDARG00000038290, 2, -0.09598282,0.629629630,0.346080670,0.317073171,0.464705882,0.457117528,0.447761194
11, 2683112, 2685311,2200,+,b3galt6,ENSDARG00000038414, 2, 33.92634887,0.759810875,0.307692308,0.485714286,0.966666667,0.637681159,0.983870968
8,50148834,50151033,2200,+,entpd4,ENSDARG00000038422, 1,-21.92598823,0.000000000,0.448979592,0.071428571,0.000000000,0.012987013,0.000000000
23, 2787422, 2789621,2200,+,plcg1,ENSDARG00000038442, 1, 25.09057971,0.411764706,0.900000000,0.619047619,0.968750000,0.615384615,0.833333333
2,37293088,37295287,2200,+,gpr160,ENSDARG00000038700, 1, 60.87469577,0.307692308,0.180000000,0.392857143,0.888888889,0.891304348,0.825000000
2, 9607680, 9609879,2200,-,txndc12,ENSDARG00000038980, 1,-22.85714286,0.875000000,0.980392157,1.000000000,1.000000000,0.300000000,0.913043478
13,36910919,36913118,2200,-,trim9,ENSDARG00000039123, 1,-21.80555556,0.710382514,0.632653061,0.732142857,0.609756098,0.276785714,0.714285714
15,28408664,28410863,2200,+,pitpnaa,ENSDARG00000039490, 1, 37.32726660,0.043478261,0.232558140,0.423076923,0.878048780,0.285714286,0.583333333
16,46203693,46205892,2200,+,bola1,ENSDARG00000039915, 1, 21.68992248,0.333333333,0.578947368,0.615384615,1.000000000,1.000000000,0.407407407
25,35500552,35502751,2200,+,fibina,ENSDARG00000039949, 1,-18.39510573,0.714285714,0.681818182,0.894736842,0.451923077,0.835164835,0.326530612
20, 2729436, 2731635,2200,+,syncrip,ENSDARG00000040184, 1,-17.66856600,0.774468085,0.806451613,0.727272727,0.572649573,0.645454545,0.534351145
22,38137709,38139908,2200,-,tm4sf4,ENSDARG00000040747, 3, 30.78951265,0.411538462,0.515409340,0.411111111,0.761111111,0.586206897,0.913105413
25,25142188,25144387,2200,-,tsg101a,ENSDARG00000040854, 1, 33.60655738,0.294117647,0.519230769,0.647058824,0.905982906,0.778846154,0.820689655
20,46425963,46428162,2200,+,rad51,ENSDARG00000041411, 1, 25.00000000,0.000000000,0.000000000,0.000000000,0.000000000,0.476923077,0.119047619
24,12738848,12741047,2200,+,si:ch211-196f5.2,ENSDARG00000041492, 2,-19.21204166,0.873397436,0.881818182,0.868842365,0.660000000,0.634803922,0.750000000
18,16123852,16126051,2200,+,bhlhe41,ENSDARG00000041691, 1,-23.72142580,0.888888889,0.984615385,1.000000000,0.839285714,0.650306748,0.580246914
18,16123023,16125222,2200,-,sspn,ENSDARG00000041747, 1,-22.07305273,0.781250000,0.818181818,0.692307692,0.872727273,0.432989691,0.483333333
15,17028473,17030672,2200,+,plin2,ENSDARG00000042332, 3, 56.81985413,0.000000000,0.134401709,0.142857143,0.807987711,0.797979798,0.486772487
5,72085619,72087818,2200,+,oxt,ENSDARG00000042845, 1,-18.23660714,0.967741935,1.000000000,0.928571429,0.914893617,0.545454545,0.918918919
17,31483270,31485469,2200,-,ltk,ENSDARG00000042861, 1,-33.64485981,0.000000000,0.482142857,0.230769231,0.000000000,0.000000000,0.000000000
10,  426269,  428468,2200,+,zdhhc8a,ENSDARG00000042872, 1,-82.54629322,0.973684211,0.916666667,1.000000000,0.000000000,0.303030303,0.095238095
16,24969717,24971916,2200,+,fpr1,ENSDARG00000042984, 1,-47.45762712,0.266666667,0.620689655,0.400000000,0.000000000,0.000000000,0.000000000
20, 2134421, 2136620,2200,-,tmem244,ENSDARG00000043847, 5, 20.81582150,0.014741652,0.051094979,0.117532468,0.143596059,0.595079365,0.223731119
17, 6758950, 6761149,2200,-,vsnl1b,ENSDARG00000044053, 4,-31.65498307,0.416666667,0.398148148,0.227553763,0.015625000,0.006818182,0.014563107
23, 2726095, 2728294,2200,+,zgc:114123,ENSDARG00000044956, 1, 23.72727273,1.000000000,0.708333333,0.600000000,0.977272727,0.947368421,1.000000000
11, 2838500, 2840699,2200,-,lhfpl5a,ENSDARG00000045023, 1,-20.32292032,0.111111111,0.000000000,0.500000000,0.000000000,0.031250000,0.000000000
25,34405529,34407728,2200,+,OTUD7A,ENSDARG00000045556, 3,-36.64848520,0.970178598,0.955629458,0.953722795,0.572184096,0.575976072,0.643844196
25,28821952,28824151,2200,+,nfybb,ENSDARG00000045611, 6,-47.92937135,0.247619048,0.674831017,0.617647059,0.000000000,0.006172840,0.002976190
4, 1818116, 1820315,2200,-,ube2nb,ENSDARG00000045877, 1, 18.22222222,1.000000000,0.580000000,1.000000000,1.000000000,0.916666667,1.000000000
25, 6184823, 6187022,2200,+,oaz2a,ENSDARG00000045929, 1,-34.99967369,0.844444444,0.686274510,0.844827586,0.444444444,0.037500000,0.831325301
5, 4931067, 4933266,2200,-,zbtb43,ENSDARG00000045983, 1, 34.96932515,0.000000000,0.000000000,0.000000000,0.061538462,0.578947368,0.487804878
23,19153209,19155408,2200,-,ebp,ENSDARG00000046098, 6, 17.84104813,0.000000000,0.000000000,0.008130081,0.208623485,0.150282315,0.182852966
25,37434877,37437076,2200,-,pdhx,ENSDARG00000051756, 1, 21.96923077,1.000000000,0.500000000,0.540540541,0.935483871,0.918604651,0.750000000
5,69876693,69878892,2200,+,ythdc1,ENSDARG00000051953, 1,-22.73013871,0.886597938,0.740740741,0.789473684,0.698113208,0.714285714,0.314814815
3,61064856,61067055,2200,-,cacng1b,ENSDARG00000052360, 1, 78.51662404,0.000000000,0.000000000,0.000000000,0.609375000,0.904494382,0.800000000
6,21534102,21536301,2200,-,psmd12,ENSDARG00000052377, 1, 81.17386489,0.000000000,0.181818182,0.057142857,1.000000000,0.931034483,0.818181818
20,54074937,54077136,2200,-,mgat2,ENSDARG00000052408, 1,-44.50549451,0.000000000,0.678571429,0.933333333,0.068965517,0.073170732,0.068965517
8,22558574,22560773,2200,-,porcnl,ENSDARG00000052455, 2,-58.06579975,0.841748768,0.900000000,0.578947368,0.306451613,0.261904762,0.078431373
23,37280514,37282713,2200,-,CR762407.1,ENSDARG00000052528, 2,-21.72922730,0.062500000,0.459427609,0.482291667,0.010638298,0.173333333,0.148550725
1,43684385,43686584,2200,-,suclg1,ENSDARG00000052712, 3,-46.31223802,1.000000000,0.968235961,0.487179487,0.331652661,0.398912724,0.559529915
1,42778876,42781075,2200,-,lrrtm1,ENSDARG00000052713, 1, 40.90909091,0.000000000,0.222222222,0.307692308,0.388888889,0.736842105,0.620689655
13, 8890784, 8892983,2200,+,thada,ENSDARG00000053082, 1, 20.87087087,0.727272727,0.736842105,0.866666667,0.975609756,1.000000000,1.000000000
20,40450916,40453115,2200,-,pkib,ENSDARG00000053110, 1, 27.92792793,0.312500000,0.634920635,1.000000000,1.000000000,0.978260870,0.939393939
17,50490276,50492475,2200,-,zgc:113377,ENSDARG00000053165, 1,-74.65870307,0.943396226,0.507692308,0.860000000,0.000000000,0.000000000,0.011627907
25, 6010848, 6013047,2200,-,snx22,ENSDARG00000053204, 1, 31.10500611,0.923076923,0.454545455,0.382352941,0.866666667,0.888888889,0.666666667
23,30960307,30962506,2200,-,osbpl2a,ENSDARG00000053804, 1, 51.78571429,1.000000000,0.205882353,0.846153846,1.000000000,1.000000000,1.000000000
23,30045534,30047733,2200,-,ccdc187,ENSDARG00000053857, 1, 16.64320901,1.000000000,0.666666667,0.818181818,1.000000000,1.000000000,0.966666667
18,38271099,38273298,2200,-,caprin1b,ENSDARG00000054272, 2,-19.79811662,0.031250000,0.412698413,0.157142857,0.089285714,0.088235294,0.072815534
18,26781493,26783692,2200,-,kti12,ENSDARG00000054301, 1, 51.40056022,0.000000000,0.111111111,0.235294118,0.076923077,0.804347826,0.674418605
23,44677116,44679315,2200,-,kif1c,ENSDARG00000054448, 1, 19.61184883,0.000000000,0.031250000,0.090909091,0.134615385,0.111111111,0.416666667
5,26845190,26847389,2200,+,imp4,ENSDARG00000054540, 1,-25.29195863,0.500000000,0.882352941,0.785714286,0.888888889,0.500000000,0.482142857
15, 8190715, 8192914,2200,+,mipep,ENSDARG00000055344, 1, 29.89130435,0.000000000,0.000000000,0.000000000,0.111111111,0.270833333,0.380000000
23,28691278,28693477,2200,+,smc1a,ENSDARG00000055754, 9, 74.75632344,0.000000000,0.187519502,0.329565301,0.961419753,0.947787398,0.976061427
18,33519609,33521808,2200,+,olfcq10,ENSDARG00000056000,10,-24.32257395,0.825628229,0.823509324,0.647376789,0.566666667,0.513665390,0.606715686
3,52143511,52145710,2200,+,adgre14,ENSDARG00000056062, 1, 20.29594446,0.000000000,0.663157895,0.652173913,0.818181818,0.739130435,0.823529412
3,19999608,20001807,2200,+,asb16,ENSDARG00000056468, 1,-25.44973545,0.820895522,0.843750000,0.837837838,0.699421965,0.550000000,0.378947368
10,26798213,26800412,2200,+,arr3a,ENSDARG00000056511, 1, 18.75631951,0.750000000,0.888888889,0.692307692,1.000000000,1.000000000,0.967741935
16,17257912,17260111,2200,-,emg1,ENSDARG00000056914, 1,-21.29000166,0.916666667,0.548387097,0.896551724,0.377049180,0.363636364,0.637500000
1,50527765,50529964,2200,-,papss1,ENSDARG00000057099, 4,-27.92684035,0.622932626,0.569672131,0.642187500,0.227599269,0.310819020,0.455066125
16,12786830,12789029,2200,-,foxj2,ENSDARG00000057680, 2, -3.95056781,0.958333333,0.769230769,0.766666667,0.620000000,0.828125000,0.897435897
6,11614140,11616339,2200,-,gulp1b,ENSDARG00000057833, 1,-33.80902557,0.846153846,0.897435897,0.926829268,0.558823529,0.679012346,0.373831776
6,58520557,58522756,2200,+,arfrp1,ENSDARG00000057857, 2,-49.05160987,0.937179487,0.962962963,0.942307692,0.433962264,0.283333333,0.663617886
6,10075756,10077955,2200,+,htr2ab,ENSDARG00000058165, 1,-28.37780780,0.780303030,0.590909091,0.866666667,0.510416667,0.537190083,0.000000000
9, 7539127, 7541326,2200,-,desma,ENSDARG00000058656, 1, 17.08407871,0.958333333,0.545454545,0.767857143,0.947368421,0.974358974,0.962962963
8, 8858902, 8861101,2200,+,otud5a,ENSDARG00000059006, 1,-18.00125476,0.200000000,0.305555556,0.125000000,0.058394161,0.032679739,0.041916168
8,  997421,  999620,2200,+,fabp1b.1,ENSDARG00000059227, 1, 18.60465116,0.703703704,0.894736842,0.619047619,0.948275862,0.958333333,0.956521739
11, 3907738, 3909937,2200,-,rpn1,ENSDARG00000059323, 1, 21.89349112,0.000000000,0.000000000,0.000000000,0.352941176,0.086956522,0.265306122
19,   72199,   74398,2200,-,dnajc8,ENSDARG00000059373, 3, 27.90671122,0.097030689,0.333333333,0.592550577,0.666586765,0.380834470,0.632498544
18, 5426472, 5428671,2200,+,fgf7,ENSDARG00000059387, 6, 39.67797185,0.183024691,0.638131313,0.658950617,0.870663802,0.925422898,0.474354695
8,45291743,45293942,2200,+,ubap2b,ENSDARG00000060065, 1, 45.23338608,0.343283582,0.702702703,0.541666667,0.961538462,0.928571429,0.923076923
5,36413978,36416177,2200,+,fam155b,ENSDARG00000060152, 2,-33.61472015,0.523809524,0.659090909,0.300000000,0.114678899,0.196969697,0.418532819
23,44233211,44235410,2200,-,zgc:158659,ENSDARG00000060597, 1, 24.16289593,0.095652174,0.277777778,0.117647059,0.483870968,0.367521368,0.327272727
22,38157823,38160022,2200,+,tm4sf18,ENSDARG00000060668, 1, 57.12074303,0.107142857,0.185185185,0.000000000,0.659574468,0.656250000,0.739130435
10,43403828,43406027,2200,-,edil3b,ENSDARG00000060877, 1,-25.08662367,0.494845361,0.089552239,0.063492063,0.000000000,0.008888889,0.000000000
24,41271252,41273451,2200,+,nub1,ENSDARG00000061417, 2,  3.13400727,0.695000000,0.469031532,0.160714286,0.500000000,0.452380952,0.500000000
14,26757332,26759531,2200,+,ahnak,ENSDARG00000061764, 2, 34.59084650,0.526315789,0.803571429,0.404255319,0.961538462,0.798076923,0.985714286
25,21894507,21896706,2200,-,fbxo31,ENSDARG00000062195, 2, -4.45315727,0.728677621,0.651668352,0.606398810,0.695992180,0.651674938,0.548731436
5,23909735,23911934,2200,-,arap1a,ENSDARG00000062221, 2, 26.08335705,0.605952381,0.750000000,0.577777778,0.977272727,0.878378378,0.914770192
16,13662315,13664514,2200,-,shisa7a,ENSDARG00000062462, 3,-19.08438297,0.202020202,0.157410128,0.306122449,0.050083542,0.008771930,0.018518519
3,15905297,15907496,2200,+,mapk8ip3,ENSDARG00000062531, 2, 49.39967356,0.276956760,0.807050093,0.450000000,0.952460106,0.952411714,0.983333333
11,  102958,  105157,2200,-,elmo2,ENSDARG00000063527, 1,-19.52614379,0.800000000,0.764705882,0.866666667,0.478260870,0.857142857,0.625000000
22, 2937330, 2939529,2200,-,pigx,ENSDARG00000063559, 1, 21.69117647,0.235294118,0.961538462,0.540540541,0.934210526,0.536585366,0.905660377
13, 1153536, 1155735,2200,+,perp,ENSDARG00000063572, 1,-17.11711712,0.483870968,0.076923077,0.000000000,0.000000000,0.000000000,0.000000000
13,   39055,   41254,2200,-,gtf2a1l,ENSDARG00000063670, 1,-17.03626036,0.901408451,0.929292929,0.905172414,0.704545455,0.704453441,0.807486631
9, 1484003, 1486202,2200,-,rbm45,ENSDARG00000063731, 1,-26.05820106,0.347826087,0.121951220,0.647058824,0.052631579,0.050000000,0.000000000
5,49012370,49014569,2200,-,si:dkey-172m14.2,ENSDARG00000067664, 1, 17.53918259,0.800000000,0.809090909,0.648351648,0.916666667,0.916666667,0.926605505
24,40014889,40017088,2200,+,scospondin,ENSDARG00000067859, 1,-65.00000000,0.636363636,0.758620690,0.500000000,0.000000000,0.000000000,0.000000000
16,52103227,52105426,2200,+,MAN1C1,ENSDARG00000067912, 1, 24.87275597,0.835820896,0.795454545,0.230769231,0.960784314,0.942307692,1.000000000
10,36633683,36635882,2200,-,rsf1b.1,ENSDARG00000068640, 2, 18.00089847,0.000000000,0.000000000,0.000000000,0.104651163,0.500000000,0.161020408
4,77679389,77681588,2200,+,gbp4,ENSDARG00000068857, 1,-28.43267949,0.588235294,0.657894737,0.735294118,0.235294118,0.342105263,0.543478261
18,16424266,16426465,2200,+,eps8b,ENSDARG00000069011, 1, 40.39621016,0.495238095,0.400000000,0.593750000,0.914285714,0.904761905,0.870967742
1,57267441,57269640,2200,+,mycbpap,ENSDARG00000069194, 2, 17.74530929,0.958333333,0.687500000,0.709509336,0.985714286,0.958333333,0.916666667
11,15435296,15437495,2200,-,ghrh,ENSDARG00000069481, 1, 16.82658138,0.281250000,0.666666667,0.282051282,0.516483516,0.530120482,0.871794872
21,25685569,25687768,2200,-,phkg1b,ENSDARG00000069498, 1, 22.86036036,1.000000000,0.900000000,0.400000000,0.944444444,1.000000000,0.944444444
8, 4972717, 4974916,2200,-,tmem230b,ENSDARG00000069674, 2, -5.98012628,0.609523810,0.666666667,0.576923077,0.540322581,0.549319728,0.606763285
9,22232703,22234902,2200,-,crygm2d5,ENSDARG00000069792, 1, 15.22255564,0.781250000,0.816666667,0.702702703,0.884057971,0.969696970,1.000000000
3,62315990,62318189,2200,+,znf1124,ENSDARG00000069796, 1,-37.30561520,0.666666667,0.530612245,0.531250000,0.282352941,0.000000000,0.306666667
9,21257657,21259856,2200,+,ska3,ENSDARG00000069917, 1,-49.87179487,1.000000000,0.857142857,1.000000000,0.583333333,0.333333333,0.388888889
1,23596192,23598391,2200,-,lcorl,ENSDARG00000070098, 5,-65.73298992,0.933333333,0.933333333,1.000000000,0.409954751,0.145812808,0.475000000
17,30367107,30369306,2200,+,greb1,ENSDARG00000070794, 1,-25.13332422,0.789473684,0.408163265,0.485714286,0.239436620,0.000000000,0.463414634
19, 8962707, 8964906,2200,-,mrps21,ENSDARG00000070985, 1, 51.37774677,0.666666667,0.333333333,0.352941176,0.960000000,0.857142857,0.909090909
23,  545743,  547942,2200,-,samhd1,ENSDARG00000071288, 1, 16.60074314,0.666666667,0.800000000,0.735294118,0.907894737,0.975000000,0.869565217
22, 7457048, 7459247,2200,-,BX511034.2,ENSDARG00000071636, 1, 22.22390930,0.363636364,0.794117647,0.909090909,0.838709677,0.770491803,0.872727273
22, 2296419, 2298618,2200,+,znf1180,ENSDARG00000071819, 1,-16.75879244,0.960000000,0.903846154,1.000000000,1.000000000,0.695652174,0.477272727
10,43404796,43406995,2200,+,rasa1b,ENSDARG00000073665, 1, 20.41258584,0.407407407,0.261538462,0.488372093,0.843750000,0.510869565,0.250000000
22,31021205,31023404,2200,+,zmp:0000000735,ENSDARG00000073789, 1,-22.04301075,0.864864865,1.000000000,0.866666667,0.440000000,0.770833333,0.700000000
5,63109033,63111232,2200,-,usp2b,ENSDARG00000074120, 2,-47.33560226,0.900000000,0.788461538,0.666666667,0.414062500,0.143420206,0.450928818
18,50838834,50841033,2200,-,ddb1,ENSDARG00000074431, 1, 30.76185450,0.402135231,0.804545455,0.841059603,0.980392157,0.926470588,0.957746479
18,45674788,45676987,2200,+,qser1,ENSDARG00000074750, 1,-16.81372549,0.937500000,0.833333333,0.885714286,0.857142857,0.450000000,0.909090909
3, 1094831, 1097030,2200,+,si:ch1073-322p19.1,ENSDARG00000075173, 1,-59.64052288,0.902439024,0.875000000,0.733333333,0.071428571,0.441860465,0.193548387
17, 6954883, 6957082,2200,-,zbtb24,ENSDARG00000075533, 2,-33.13223883,0.000000000,0.800000000,0.692307692,0.009433962,0.250000000,0.276853777
8,45279212,45281411,2200,-,adamts13,ENSDARG00000076270, 1,-21.21168305,0.858695652,0.580645161,0.607142857,0.486725664,0.696551724,0.000000000
12, 2444837, 2447036,2200,+,ARHGAP22 (1 of many),ENSDARG00000076434, 1, 20.24590164,0.228571429,0.076923077,0.000000000,0.375000000,0.235294118,0.400000000
23,  797100,  799299,2200,+,frmd4bb,ENSDARG00000076496, 1, 21.82835821,0.710843373,0.600000000,0.500000000,0.840000000,0.900000000,0.875000000
4,74367713,74369912,2200,-,ptprb,ENSDARG00000076624, 1, 68.21895425,0.242424242,0.350000000,0.150000000,0.900000000,0.958333333,0.928571429
8, 2602373, 2604572,2200,-,zdhhc12a,ENSDARG00000076632, 2, -2.07893522,0.755389718,0.896049896,0.711607143,0.861111111,0.725889328,0.765925926
25,35661933,35664132,2200,+,slc2a13b,ENSDARG00000076899, 1, 53.34184759,0.347826087,0.341463415,0.764705882,1.000000000,1.000000000,0.882352941
7, 9802955, 9805154,2200,-,aldh1a3,ENSDARG00000076933, 1,-25.45454545,0.142857143,0.294117647,0.352941176,0.000000000,0.000000000,0.000000000
23,  351736,  353935,2200,-,uhrf1bp1,ENSDARG00000077011, 1, 19.60446247,0.021276596,0.000000000,0.000000000,0.281553398,0.101449275,0.262626263
11,12051606,12053805,2200,-,socs7,ENSDARG00000077018, 1, 21.82147563,0.413793103,0.307692308,0.541666667,0.661157025,0.647058824,0.655172414
1,11734420,11736619,2200,+,chst12b,ENSDARG00000077198, 1, 15.08620690,0.833333333,0.795918367,0.765957447,0.949152542,0.964285714,0.915254237
3,19243804,19246003,2200,+,smarca4a,ENSDARG00000077226, 1, 26.99925424,0.632432432,0.428571429,0.540540541,0.969924812,0.873493976,0.621951220
15,28223707,28225906,2200,-,scarf1,ENSDARG00000077285, 1,-78.96617625,0.895104895,0.887931034,0.920454545,0.085106383,0.077844311,0.161676647
13,  672351,  674550,2200,+,cutc,ENSDARG00000077306, 1,-17.28395062,0.925000000,0.909090909,1.000000000,0.733333333,0.666666667,0.944444444
17,33451689,33453888,2200,+,rin3,ENSDARG00000077618, 1,-21.29579822,0.114285714,0.465116279,0.809523810,0.086956522,0.236111111,0.392857143
19,26736147,26738346,2200,-,csnk2b,ENSDARG00000077776, 2, -4.60614152,0.312500000,0.340909091,0.333333333,0.276595745,0.210526316,0.333333333
17,35881642,35883841,2200,-,sox11a,ENSDARG00000077811, 1,-54.21146953,0.984375000,0.978260870,0.941176471,0.236363636,0.653846154,0.301886792
9,48864746,48866945,2200,-,nostrin,ENSDARG00000077866, 1, 17.77950311,0.888888889,0.818181818,0.733333333,1.000000000,0.956521739,1.000000000
7, 2234317, 2236516,2200,+,zgc:172065,ENSDARG00000078093, 1, 17.81512605,0.750000000,0.772727273,0.764705882,0.904761905,1.000000000,0.950000000
2, 7104837, 7107036,2200,+,vcam1a,ENSDARG00000078201, 1,-35.68872987,1.000000000,0.916666667,1.000000000,0.615384615,0.525000000,0.660000000
21,37475001,37477200,2200,+,amot,ENSDARG00000078335, 1,-27.74764151,0.960526316,0.600000000,0.866666667,0.712121212,0.370967742,0.906250000
2,47247179,47249378,2200,+,si:ch211-284d12.3,ENSDARG00000078489, 2, 38.89604990,0.666666667,0.470588235,0.615384615,1.000000000,0.973684211,0.910873440
4,77964055,77966254,2200,+,ikbip,ENSDARG00000078520, 2, 26.07311651,0.311320755,0.423976608,0.196428571,0.548028311,0.577731092,0.538095238
15,16383985,16386184,2200,-,fam222bb,ENSDARG00000078578, 1,-21.27371274,0.176470588,0.307692308,0.269230769,0.035714286,0.042553191,0.133333333
14, 7044810, 7047009,2200,-,rufy1,ENSDARG00000078685, 1, 38.47219474,0.333333333,0.080000000,0.214285714,0.659574468,0.656250000,0.440476190
2,  256698,  258897,2200,+,phlpp1,ENSDARG00000078694, 5, 26.52499866,0.490710478,0.475992978,0.404505252,0.773690660,0.748623573,0.663521657
23,13526053,13528252,2200,+,uckl1b,ENSDARG00000078973, 1, 15.74050142,0.909090909,0.687500000,0.800000000,0.964285714,0.923076923,0.903846154
1,55660491,55662690,2200,+,adgre8,ENSDARG00000079050, 1, 51.18601748,0.418750000,0.400000000,0.494505495,0.947916667,0.940886700,0.947019868
11,44485563,44487762,2200,-,mfn1b,ENSDARG00000079219, 1, 21.56862745,0.727272727,0.666666667,0.909090909,1.000000000,1.000000000,1.000000000
17,  867805,  870004,2200,-,wdr20a,ENSDARG00000079220, 2, -9.80939253,0.864816408,0.846910112,0.895679663,0.704402516,0.737619048,0.960000000
20, 5228958, 5231157,2200,-,ccdc85cb,ENSDARG00000079555, 3, 26.33274298,0.517241379,0.410818713,0.442105263,0.749042146,0.716072362,0.670329670
1,40140225,40142424,2200,-,si:ch211-113e8.10,ENSDARG00000079631, 1, 75.72463768,0.049180328,0.222222222,0.000000000,0.935483871,0.857142857,0.710526316
1, 7894056, 7896255,2200,-,radil,ENSDARG00000079779, 2, 11.84866739,0.033333333,0.251541968,0.134146341,0.275862069,0.252702703,0.365055080
17, 5962866, 5965065,2200,-,dre-mir-133c,ENSDARG00000080081, 1, 60.34632035,0.200000000,0.187500000,0.392857143,1.000000000,0.769230769,0.900000000
19,38464050,38466249,2200,-,5S_rRNA,ENSDARG00000080276, 1,-21.05263158,0.952380952,0.941176471,1.000000000,0.444444444,0.791666667,0.923076923
4,41338283,41340482,2200,-,U1,ENSDARG00000080512, 2, 15.96433081,0.785714286,0.714285714,0.859307359,0.938811189,0.989583333,0.865497076
4,77560611,77562810,2200,-,5_8S_rRNA,ENSDARG00000081218, 3, 19.60914705,0.569903430,0.592313859,0.579146057,0.779343608,0.813766367,0.730260299
3,15706568,15708767,2200,-,BX936308.1,ENSDARG00000081299, 1, 28.04165397,0.143283582,0.033519553,0.038690476,0.636363636,0.560509554,0.047413793
10,38074192,38076391,2200,-,mir99-2,ENSDARG00000081315, 1,-33.54872060,1.000000000,0.913043478,0.904761905,0.727272727,0.642857143,0.486486486
20,44912132,44914331,2200,-,5S_rRNA,ENSDARG00000081335, 3, 31.26961002,0.375000000,0.269230769,0.372469636,0.650113379,0.801388889,0.559332455
16, 2735600, 2737799,2200,-,5S_rRNA,ENSDARG00000081540, 1, 31.51120210,0.525896414,0.628571429,0.494505495,0.848739496,0.816129032,0.932539683
6,52302431,52304630,2200,+,U2,ENSDARG00000082321, 4, 24.63700073,0.387755102,0.083042853,0.178571429,0.330003805,0.269877272,0.780447426
25, 2190682, 2192881,2200,+,CR354430.1,ENSDARG00000082399, 2, 28.64006989,0.611111111,0.291666667,0.423076923,0.760570825,0.750000000,0.652484144
4,41339837,41342036,2200,-,U1,ENSDARG00000082646, 2, 15.96433081,0.785714286,0.714285714,0.859307359,0.938811189,0.989583333,0.865497076
2,36751649,36753848,2200,+,dre-mir-2198,ENSDARG00000083762, 1, 15.05376344,0.800000000,0.897435897,0.820512821,1.000000000,1.000000000,1.000000000
3,39882819,39885018,2200,+,5S_rRNA,ENSDARG00000083829, 1,-23.69674431,1.000000000,0.964285714,0.800000000,0.417910448,0.864406780,0.675324675
2,16822759,16824958,2200,+,CU462977.2,ENSDARG00000084411, 1, 40.63505555,0.666666667,0.568627451,0.464285714,0.966666667,0.962962963,0.937500000
6,55555197,55557396,2200,-,5S_rRNA,ENSDARG00000084755, 1,-28.18222708,1.000000000,0.956521739,0.846153846,0.569230769,0.711111111,0.785714286
1,10361720,10363919,2200,+,5S_rRNA,ENSDARG00000084766, 1, 21.46788588,0.743772242,0.701030928,0.657407407,0.942675159,0.907407407,0.947368421
3,10213021,10215220,2200,-,5S_rRNA,ENSDARG00000084878, 1, 30.58776167,0.517857143,0.850000000,0.868217054,0.950000000,0.948275862,0.954545455
10,35654155,35656354,2200,-,dre-mir-2184,ENSDARG00000085822, 2, 35.16411693,0.525000000,0.535211268,0.807692308,0.977272727,0.939024390,0.937969925
20,44933039,44935238,2200,+,5S_rRNA,ENSDARG00000085854, 1, 16.06242119,0.515151515,0.432432432,0.500000000,0.724637681,0.625000000,0.586666667
14, 2407641, 2409840,2200,-,Vault,ENSDARG00000086105, 2,-75.42408152,0.833333333,0.845238095,0.851648352,0.014285714,0.263157895,0.000000000
15,47956189,47958388,2200,-,SAMD4B,ENSDARG00000086735, 1, 18.12335931,0.684587814,0.726315789,0.845360825,0.858974359,0.930463576,0.910714286
7,21319317,21321516,2200,+,dnah2,ENSDARG00000087352, 2, 25.48958418,1.000000000,0.512626263,0.761202496,0.750000000,0.933333333,0.923076923
2, 2770447, 2772646,2200,+,thoc1,ENSDARG00000088246, 1, 20.90330052,0.666666667,0.750000000,0.727272727,0.932203390,0.953488372,0.927272727
23, 7210063, 7212262,2200,-,mir1-1,ENSDARG00000088322, 1, 74.03846154,0.000000000,0.500000000,0.105263158,0.961538462,0.970588235,0.888888889
3,  238636,  240835,2200,+,zgc:174288,ENSDARG00000088820, 1, 17.81065567,0.188405797,0.181818182,0.153846154,0.583333333,0.300000000,0.255319149
1, 3757924, 3760123,2200,+,5S_rRNA,ENSDARG00000088916, 1,-30.17602021,0.947674419,0.651515152,0.653061224,0.563380282,0.569767442,0.378787879
20,  116800,  118999,2200,-,ypel5,ENSDARG00000088929, 1, 46.28930818,0.321428571,0.289473684,0.166666667,0.736842105,0.659574468,0.781818182
11,18252912,18255111,2200,-,mustn1b,ENSDARG00000089086, 1, 54.37471370,0.555555556,0.444444444,0.315789474,1.000000000,1.000000000,0.906250000
1,28629272,28631471,2200,-,ednrba,ENSDARG00000089334, 2, 49.03817878,0.149122807,0.313687224,0.166666667,0.770000000,0.892857143,0.327586207
21, 3852414, 3854613,2200,+,miga2,ENSDARG00000089357, 1, 30.27136208,0.500000000,0.862068966,0.904761905,0.950819672,0.954545455,1.000000000
13,47800143,47802342,2200,-,fbln7,ENSDARG00000089519, 8,-18.95988209,0.897799713,0.867381305,0.921359507,0.553734949,0.721835623,0.897726638
3,12381073,12383272,2200,-,coro7,ENSDARG00000089616, 1, 48.04921727,0.130434783,0.511111111,0.507246377,0.860465116,0.865030675,0.817307692
19,12967787,12969986,2200,-,slc25a32a,ENSDARG00000089791, 1,-29.93468795,0.333333333,0.428571429,0.500000000,0.208333333,0.000000000,0.166666667
17,40955836,40958035,2200,-,si:dkey-16j16.4,ENSDARG00000089862, 1, 38.16287879,0.555555556,0.000000000,0.421052632,0.869565217,0.785714286,0.511111111
12,  979590,  981789,2200,-,daglb,ENSDARG00000089888, 1,-15.11627907,0.000000000,0.209302326,0.133333333,0.000000000,0.000000000,0.000000000
7, 5528154, 5530353,2200,+,si:dkeyp-67a8.4,ENSDARG00000090099, 3,-36.30328931,0.873285835,0.839598997,0.921607179,0.588235294,0.488888889,0.476344086
25,37124921,37127120,2200,+,si:ch1073-174d20.1,ENSDARG00000090108, 1, 62.22426471,0.529411765,0.000000000,0.105263158,0.886363636,0.887096774,0.466666667
15,15373607,15375806,2200,+,si:ch211-105f12.2,ENSDARG00000090126, 1, 20.15527950,0.400000000,0.666666667,0.578947368,0.906250000,0.712500000,0.714285714
25,  169092,  171291,2200,-,lipcb,ENSDARG00000090486, 1,-36.64283712,0.919678715,0.908695652,0.930693069,0.741573034,0.297709924,0.900709220
21,31432308,31434507,2200,+,si:ch211-166i24.1,ENSDARG00000090676, 1,-40.08025682,0.727272727,0.958333333,0.714285714,0.166666667,0.409090909,0.722222222
3, 7546541, 7548740,2200,-,zmp:0000001003,ENSDARG00000090740, 1, 19.33638444,0.615384615,0.975609756,0.714285714,0.956521739,0.951456311,1.000000000
2,55247838,55250037,2200,+,cib3,ENSDARG00000091072, 2,-19.28332594,0.250000000,0.338235294,0.307692308,0.093023256,0.105769231,0.141493056
17,13639030,13641229,2200,-,FP017295.1,ENSDARG00000091185, 1, 16.43835616,1.000000000,0.878787879,0.607142857,1.000000000,0.909090909,0.969696970
1,54764943,54767142,2200,+,nlrc6,ENSDARG00000091320, 2,-19.04614557,0.144780585,0.148726655,0.376811594,0.003703704,0.000000000,0.000000000
25,37207619,37209818,2200,+,si:dkey-234i14.3,ENSDARG00000091667, 1,-19.62418301,0.428571429,0.461538462,0.307692308,0.166666667,0.250000000,0.280701754
3, 7254437, 7256636,2200,-,FO704858.1,ENSDARG00000091679, 1, 23.43750000,0.500000000,0.586206897,0.352941176,0.711864407,0.913043478,0.673913043
5,28810453,28812652,2200,+,zgc:174260,ENSDARG00000091800, 1,-46.80000765,0.914893617,0.933333333,0.884210526,0.494186047,0.460358056,0.331250000
18,25516432,25518631,2200,-,CR450716.1,ENSDARG00000091978, 2, 62.35679385,0.093301335,0.214947090,0.402891263,0.711538462,0.819955780,0.810048395
2,35610621,35612820,2200,+,si:dkey-4i23.5,ENSDARG00000092137, 1,-17.80494286,0.905660377,0.968750000,0.904761905,0.500000000,0.687500000,0.914285714
4,76657013,76659212,2200,+,ms4a17a.5,ENSDARG00000092204, 1,-22.90196078,1.000000000,0.789473684,0.904761905,0.714285714,0.821428571,0.423076923
9,30679819,30682018,2200,-,BX571809.1,ENSDARG00000092378, 4, 22.22725798,0.127290765,0.341811414,0.260325684,0.621228702,0.536897131,0.390162272
13,15798742,15800941,2200,+,coa8,ENSDARG00000092473, 1,-27.77777778,0.771428571,0.217391304,0.577777778,0.369565217,0.016666667,0.321428571
8,13999094,14001293,2200,-,si:dkeyp-110g5.4,ENSDARG00000092482, 2, -4.99249309,0.564175497,0.891304348,0.538461538,0.554263566,0.609417344,0.624839744
22,19287970,19290169,2200,+,si:dkey-21e2.15,ENSDARG00000092788, 2,-76.37522630,0.924480397,0.910338824,0.826147131,0.012987013,0.292990720,0.000000000
7, 5527967, 5530166,2200,+,si:dkeyp-67a8.4,ENSDARG00000092823, 3,-36.30328931,0.873285835,0.839598997,0.921607179,0.588235294,0.488888889,0.476344086
16,42064582,42066781,2200,+,BX649388.2,ENSDARG00000092955, 3,-17.76545024,0.378338002,0.267857143,0.244047619,0.114386940,0.173616704,0.094031221
18,28938713,28940912,2200,-,si:ch211-174j14.2,ENSDARG00000093015, 6, -1.18156487,0.713177141,0.650965493,0.679287301,0.651104087,0.676794065,0.678347946
15, 1022237, 1024436,2200,-,znf1010,ENSDARG00000093143, 1, 49.39393939,0.368421053,0.250000000,0.000000000,0.804878049,0.700000000,0.675000000
15,35126433,35128632,2200,-,zgc:77118,ENSDARG00000093176, 2, 26.34838419,0.357142857,0.200000000,0.312500000,0.642857143,0.556818182,0.571428571
15,38952230,38954429,2200,-,BX088709.1,ENSDARG00000093338, 1,-21.57109191,1.000000000,0.826086957,0.904761905,0.714285714,0.807692308,0.609756098
3,14569813,14572012,2200,+,znf653,ENSDARG00000093469, 1,-51.56180277,0.769230769,0.500000000,0.714285714,0.085714286,0.538461538,0.028571429
10,36633727,36635926,2200,-,rsf1b.1,ENSDARG00000093503, 2, 18.00089847,0.000000000,0.000000000,0.000000000,0.104651163,0.500000000,0.161020408
2,32355851,32358050,2200,-,BX663499.1,ENSDARG00000093778, 1,-26.85834502,0.857142857,0.769230769,0.733333333,0.473684211,0.550000000,0.591836735
8,12668892,12671091,2200,-,CU639468.1,ENSDARG00000093851, 1, 15.87505349,0.550000000,0.531250000,0.590909091,0.736111111,0.709090909,0.687500000
20,46053521,46055720,2200,-,taar12h,ENSDARG00000094237, 1, 18.29855538,0.718562874,0.684210526,0.548387097,0.940000000,0.824175824,0.831460674
16,41824584,41826783,2200,+,si:dkey-199f5.6,ENSDARG00000094400, 2,-29.41167821,0.943239106,0.948018356,0.934095137,0.665982405,0.661914388,0.609808035
18,27819856,27822055,2200,+,si:ch211-222m18.4,ENSDARG00000094425, 2, 44.16906130,0.426605505,0.618181818,0.741666667,0.968085106,0.927508503,0.989795918
13, 5593806, 5596005,2200,-,CR926469.1,ENSDARG00000095303, 2,-29.58917107,0.454545455,0.348837209,0.500000000,0.134019975,0.021739130,0.277777778
22, 2267395, 2269594,2200,+,AL929017.2,ENSDARG00000095449, 4,-24.96968937,0.947916667,0.968750000,0.910714286,0.959449078,0.574061725,0.548904538
20,37831740,37833939,2200,-,si:ch211-147d7.5,ENSDARG00000095457, 2,-26.73486173,0.200000000,0.235864462,0.341440887,0.010416667,0.000000000,0.007246377
10,14208667,14210866,2200,+,si:dkey-286h21.1,ENSDARG00000095502, 1,-43.10223267,0.950000000,0.878787879,0.879310345,0.277777778,0.588235294,0.511111111
23, 4272321, 4274520,2200,+,si:ch211-10d23.5,ENSDARG00000095510, 2, 28.34043721,0.157142857,0.211538462,0.153846154,0.479010495,0.340740741,0.505714286
24,38447759,38449958,2200,-,CU681836.2,ENSDARG00000095653, 1, 15.66924067,0.848484848,0.952380952,0.500000000,0.942857143,1.000000000,0.900000000
20,30035127,30037326,2200,-,sox11b,ENSDARG00000095743, 1, 40.37510656,0.235294118,0.352941176,0.235294118,0.723684211,0.500000000,0.612903226
8,23388844,23391043,2200,+,si:dkey-16n15.6,ENSDARG00000095805, 4,-17.07389542,0.162500000,0.122844828,0.260924370,0.000000000,0.000000000,0.003048780
1,38663754,38665953,2200,+,BX649481.1,ENSDARG00000095811, 1, 55.99153370,0.727272727,0.341463415,0.318181818,0.909090909,0.947368421,0.962264151
22,37526268,37528467,2200,-,FP102167.1,ENSDARG00000095844, 1,-44.46022727,0.945454545,0.820512821,1.000000000,0.452830189,0.509090909,0.458333333
3, 1258360, 1260559,2200,+,FP325358.1,ENSDARG00000095882, 1, 19.65709129,0.763888889,0.916666667,0.538461538,0.992957746,0.952380952,0.948051948
24,20061887,20064086,2200,-,CR381686.4,ENSDARG00000096121, 4,-28.16613338,0.635312312,0.940682616,0.910447761,0.276602564,0.685312286,0.412739726
4,45437770,45439969,2200,+,BX649518.1,ENSDARG00000096194, 1, 19.32710280,0.812500000,0.750000000,0.733333333,0.959183673,1.000000000,0.928571429
1,54765063,54767262,2200,-,si:ch211-197k17.3,ENSDARG00000096214, 1,-16.41600687,0.103448276,0.136752137,0.343434343,0.000000000,0.004115226,0.010204082
6,10725344,10727543,2200,+,BX936397.2,ENSDARG00000096373, 1, 49.84255705,0.351351351,0.781250000,0.250000000,1.000000000,0.930000000,0.971830986
6, 5767669, 5769868,2200,-,CU074421.1,ENSDARG00000096414, 1,-16.43522640,0.937500000,1.000000000,0.951219512,0.763888889,0.711340206,0.896103896
20,14873131,14875330,2200,-,BX470128.3,ENSDARG00000096568, 1, 21.77629437,0.571428571,0.882352941,0.678571429,0.942028986,0.928571429,0.980392157
1,  110605,  112804,2200,-,FP067451.1,ENSDARG00000096573, 1,-20.12025902,0.960000000,0.911111111,1.000000000,0.655172414,0.833333333,0.739130435
1,10108203,10110402,2200,+,lratb.1,ENSDARG00000096594, 1, 29.81466559,0.666666667,0.716666667,0.500000000,0.937500000,0.947368421,0.947368421
20,34147397,34149596,2200,-,BX248238.2,ENSDARG00000096789, 1, 46.11980572,0.150000000,0.384615385,0.769230769,0.868421053,0.925925926,0.931818182
11, 7796133, 7798332,2200,-,CR450813.1,ENSDARG00000097035, 2, -7.64482295,0.693014706,0.756410256,0.882352941,0.870967742,0.659574468,0.572916667
17,53429272,53431471,2200,+,si:zfos-1714f5.4,ENSDARG00000097084, 5, 34.51051984,0.468330109,0.819636364,0.703898400,0.913435729,0.937160644,0.816514501
25,35359955,35362154,2200,-,si:ch73-147o17.1,ENSDARG00000097236, 1, 15.75091575,0.750000000,0.823529412,0.785714286,0.971428571,0.965517241,0.926829268
15,37952666,37954865,2200,+,si:dkey-238d18.7,ENSDARG00000097307, 1,-81.13107822,0.861538462,0.824561404,0.937500000,0.000000000,0.113924051,0.000000000
17,53416445,53418644,2200,+,slc9a1b,ENSDARG00000097339,10,-30.70762031,0.442941224,0.076161660,0.158785012,0.012007658,0.025732572,0.009452891
10,22132606,22134805,2200,+,si:dkey-4c2.11,ENSDARG00000097477,10,  7.28152470,0.434242467,0.416787501,0.411984147,0.448230682,0.688293011,0.435046382
24,36337196,36339395,2200,-,si:ch211-40k21.9,ENSDARG00000097546, 1,-35.08771930,0.000000000,0.388888889,0.464285714,0.000000000,0.000000000,0.000000000
2,12796366,12798565,2200,+,BX908750.1,ENSDARG00000097553, 1, 24.64407745,0.701421801,0.588235294,0.769230769,0.907894737,0.962765957,0.919191919
2,56095076,56097275,2200,-,si:ch211-178n15.1,ENSDARG00000097617, 1,-18.35175755,0.864864865,0.807692308,0.941176471,0.423076923,0.915492958,0.651162791
17,30366506,30368705,2200,-,si:ch211-139l2.1,ENSDARG00000097668, 1,-20.31592804,0.888888889,1.000000000,1.000000000,0.809523810,0.875000000,0.708333333
25,32530520,32532719,2200,-,BX005048.1,ENSDARG00000097670, 2, 16.26724881,0.684654088,0.825892857,0.941176471,0.941282051,0.908222222,0.907495256
15,26994262,26996461,2200,-,CR848825.1,ENSDARG00000097830, 1, 16.67740781,0.774193548,0.651162791,0.523809524,0.836065574,0.608695652,0.904761905
25, 1974091, 1976290,2200,-,CR385026.2,ENSDARG00000097922, 1,-19.97300945,0.588235294,0.800000000,0.769230769,0.300000000,1.000000000,0.666666667
23,36889729,36891928,2200,+,CR926464.1,ENSDARG00000097943, 1,-26.67222686,1.000000000,0.851851852,1.000000000,0.763636364,0.653846154,0.464285714
15,  923782,  925981,2200,-,si:dkey-77f5.14,ENSDARG00000098027, 2,-38.92015400,0.836956522,0.944539574,0.826086957,0.425675676,0.274193548,0.708469388
15,40360385,40362584,2200,-,BX571794.3,ENSDARG00000098030, 1, 16.12073293,0.842105263,0.767441860,0.714285714,0.896551724,0.980000000,0.945454545
25,36454800,36456999,2200,+,5S_rRNA,ENSDARG00000098120, 6, 24.37056578,0.458621801,0.495725191,0.284130284,0.608566707,0.690010942,0.787583547
19,   63990,   66189,2200,-,CU633999.1,ENSDARG00000098197, 1, 36.73354727,0.641744548,0.451612903,0.663636364,0.939393939,0.953571429,0.948000000
KN149696.2,  170237,  172436,2200,-,zgc:112970,ENSDARG00000098332, 9, 67.42734046,0.171289112,0.237903133,0.312380015,0.904040404,0.948520688,0.823529412
14,   30964,   33163,2200,+,lyar,ENSDARG00000098507, 1,-53.60441807,0.570512821,0.108108108,0.796296296,0.000000000,0.023809524,0.015873016
KN150041.2,    8631,   10830,2200,+,CABZ01072810.1,ENSDARG00000098599, 1, 39.42793668,0.472222222,0.723076923,0.718750000,0.971830986,0.926829268,0.981481481
4, 1144346, 1146545,2200,+,chrm2a,ENSDARG00000098612, 1,-15.11264080,1.000000000,0.980000000,1.000000000,0.840000000,1.000000000,0.666666667
14,52582822,52585021,2200,-,CU469526.1,ENSDARG00000098660, 1,-34.97362841,0.937500000,0.961538462,0.937500000,0.485915493,0.557251908,0.864864865
14, 5688650, 5690849,2200,+,BX548018.1,ENSDARG00000098744, 1,-27.12487980,0.897959184,0.933333333,0.942857143,0.720000000,0.583333333,0.661870504
6,18601105,18603304,2200,-,cd7al,ENSDARG00000098787, 9,-58.34283865,0.624017957,0.530864198,0.776378856,0.061651501,0.143689820,0.047852322
1,44083872,44086071,2200,-,vwa11,ENSDARG00000098805, 1, 38.18840580,0.869565217,0.520000000,0.485714286,0.975000000,0.969696970,0.952380952
12,47160456,47162655,2200,+,LO018224.1,ENSDARG00000098856, 1, 15.05791506,0.000000000,0.000000000,0.000000000,0.016666667,0.000000000,0.380000000
19,   65006,   67205,2200,+,CU633999.2,ENSDARG00000098912, 1, 31.35928220,0.687116564,0.486842105,0.689320388,0.927710843,0.919491525,0.941176471
6,18529932,18532131,2200,+,suz12b,ENSDARG00000098924, 1, 18.51326429,0.687500000,0.777777778,0.789473684,0.945205479,1.000000000,0.909090909
12,48199028,48201227,2200,-,pald1a,ENSDARG00000098946, 1,-31.45881790,0.862500000,0.903225806,0.891891892,0.292682927,0.801724138,0.491525424
20,54208145,54210344,2200,-,faua,ENSDARG00000099022, 2,-20.36937447,0.414141414,0.389586115,0.792168675,0.368902439,0.318988544,0.273342852
25,  334503,  336702,2200,+,CU929262.1,ENSDARG00000099058, 1, 28.95015907,0.500000000,0.622222222,0.352941176,0.675675676,0.948275862,0.750000000
5,67810062,67812261,2200,+,zgc:175280,ENSDARG00000099111, 1, 25.94080912,0.190476190,0.433333333,0.173913043,0.545454545,0.562500000,0.568965517
9,19471276,19473475,2200,-,FP017279.1,ENSDARG00000099114, 2, 24.53405018,0.444444444,0.792682927,0.534883721,0.944444444,0.923684211,0.851648352
16,45235748,45237947,2200,-,si:dkey-33i11.4,ENSDARG00000099117, 5, 63.01767230,0.360837438,0.280218579,0.220512821,0.910000000,0.914849624,0.904285714
3, 6506565, 6508764,2200,+,CABZ01055168.1,ENSDARG00000099126, 1, 76.97545071,0.000000000,0.179487179,0.000000000,0.720000000,0.888888889,0.866666667
11,12161756,12163955,2200,-,Metazoa_SRP,ENSDARG00000099163, 3,-31.54320988,0.250000000,0.424242424,0.361990950,0.037037037,0.016666667,0.041666667
KN149707.2,    2029,    4228,2200,+,cdo1,ENSDARG00000099389, 2, 23.51284349,0.361111111,0.449275362,0.714285714,0.808510638,0.760880077,0.555555556
15,27972275,27974474,2200,-,CR391930.1,ENSDARG00000099423, 3, 27.42023185,0.670033670,0.534406566,0.496124031,0.843137255,0.833120477,0.781133787
6, 4253319, 4255518,2200,+,nbeal1,ENSDARG00000099547, 1, 46.56716418,0.307692308,0.588235294,0.266666667,0.977777778,0.600000000,0.666666667
14,32088918,32091117,2200,-,si:ch211-69b22.5,ENSDARG00000099621, 1, 15.25974026,0.076923077,0.000000000,0.000000000,0.259259259,0.000000000,0.173913043
25,  375683,  377882,2200,-,szl,ENSDARG00000099637, 1,-16.43379907,0.837209302,1.000000000,0.882352941,0.747252747,0.651162791,0.757575758
17, 1512711, 1514910,2200,+,akt1,ENSDARG00000099657, 1, 23.84823848,0.510638298,0.421052632,0.266666667,0.466666667,0.727272727,0.866666667
18,50922556,50924755,2200,+,pik3c2g,ENSDARG00000099803, 1,-54.18557928,0.918518519,0.952380952,1.000000000,0.351648352,0.458015267,0.325000000
14,15541331,15543530,2200,+,si:dkey-203a12.7,ENSDARG00000099811, 1, 23.38693667,0.464285714,0.625000000,0.461538462,0.707317073,0.715447154,0.929577465
KN149717.1,   39749,   41948,2200,-,5S_rRNA,ENSDARG00000099857, 1,-51.94444444,0.769230769,0.846153846,0.894736842,0.714285714,0.750000000,0.080000000
25,29158102,29160301,2200,+,pkmb,ENSDARG00000099860, 1,-39.23371648,0.666666667,0.853658537,0.785714286,0.190476190,0.000000000,0.703703704
21, 2935256, 2937455,2200,-,CABZ01023255.1,ENSDARG00000099984, 1, 28.57932559,0.142857143,0.909090909,0.619047619,0.776119403,0.732142857,0.538461538
22,26666741,26668940,2200,-,BX908757.1,ENSDARG00000100073, 1, 22.35558890,0.888888889,0.666666667,0.727272727,1.000000000,0.956521739,0.968750000
14,52552676,52554875,2200,-,ppp2r2ca,ENSDARG00000100093,13,-21.54297605,0.538804308,0.471156993,0.169903809,0.038505921,0.229682000,0.184172644
25,  255772,  257971,2200,-,CU855936.1,ENSDARG00000100096, 1, 48.02577082,0.000000000,0.000000000,0.051948052,0.356164384,0.686991870,0.289855072
11,  777754,  779953,2200,+,tamm41,ENSDARG00000100157, 1,-27.56410256,0.170454545,0.244897959,0.558139535,0.000000000,0.000000000,0.025000000
3, 8012648, 8014847,2200,-,si:ch211-175l6.1,ENSDARG00000100373, 2, 21.24694332,0.875000000,0.750000000,0.666666667,1.000000000,1.000000000,0.954451346
19,48370446,48372645,2200,+,abhd5b,ENSDARG00000100388, 1,-16.05394541,0.937500000,0.944444444,0.866666667,0.941176471,0.657894737,0.750000000
4,53072121,53074320,2200,-,si:ch211-171l17.14,ENSDARG00000100412, 1, 30.63063063,1.000000000,0.761904762,0.375000000,0.962962963,1.000000000,0.909090909
23,27910079,27912278,2200,+,BX539336.1,ENSDARG00000100606, 1, 51.05105105,0.636363636,0.282608696,0.470588235,0.851851852,1.000000000,0.877192982
15, 5309014, 5311213,2200,-,or120-1,ENSDARG00000100663, 1, 17.99086758,0.822222222,0.818181818,0.529411765,1.000000000,0.900000000,0.920000000
10,21802772,21804971,2200,+,pcdh1g31,ENSDARG00000100670, 1, 25.38265306,0.176470588,0.100000000,0.097560976,0.173913043,0.333333333,0.451612903
11,  712386,  714585,2200,+,timp4.3,ENSDARG00000100795, 1, 17.96569692,0.880000000,0.533333333,0.916666667,0.950819672,0.980000000,0.823529412
12,16557907,16560106,2200,-,si:dkey-269i1.4,ENSDARG00000100833, 1, 18.25365921,0.487437186,0.477611940,0.593750000,0.632075472,0.808333333,0.522388060
20,52917856,52920055,2200,+,5S_rRNA,ENSDARG00000100989, 1, 27.82720825,0.137931034,0.666666667,0.117647059,0.368421053,0.693548387,0.272727273
11,44354504,44356703,2200,+,srsf7b,ENSDARG00000101057, 1,-48.34139265,0.701863354,0.529914530,0.839506173,0.134228188,0.357798165,0.142131980
24,42072687,42074886,2200,-,ppp4r1,ENSDARG00000101316, 1, 17.92140152,0.404255319,0.671232877,0.440000000,0.404255319,0.756410256,0.622641509
24, 1657077, 1659276,2200,-,pard3aa,ENSDARG00000101358, 1, 15.94949495,0.777777778,0.862068966,0.742857143,0.924528302,1.000000000,0.947368421
13,19642089,19644288,2200,-,rab11fip2,ENSDARG00000101432, 1,-20.91611211,1.000000000,0.960000000,0.964285714,0.843137255,0.826666667,0.553191489
16,11481811,11484010,2200,+,grik5,ENSDARG00000101449, 1, 15.02129307,1.000000000,0.833333333,0.727272727,0.967741935,1.000000000,0.960784314
25, 2299437, 2301636,2200,-,CR354430.4,ENSDARG00000101563, 4, 21.21005650,0.027665579,0.009090909,0.058412117,0.274884739,0.358744395,0.032499301
19,14191393,14193592,2200,-,tbxta,ENSDARG00000101576, 1,-24.22222222,0.076923077,0.609756098,0.619047619,0.360000000,0.285714286,0.212121212
20,54197931,54200130,2200,-,arf6a,ENSDARG00000101626, 4, 36.54803895,0.000000000,0.000000000,0.123214286,0.325829960,0.732249150,0.253991623
22, 1813408, 1815607,2200,+,znf1184,ENSDARG00000101694, 1, 29.32330827,0.190476190,0.428571429,0.733333333,0.680000000,0.765957447,0.689655172
7,67697009,67699208,2200,+,zgc:162592,ENSDARG00000101787, 1, 33.28840970,0.705882353,0.352941176,0.315789474,0.615384615,0.789473684,1.000000000
17,  994509,  996708,2200,+,cyp1c2,ENSDARG00000101789, 2, 37.44754746,0.344155844,0.413043478,0.416666667,0.918668831,0.697132616,0.503306878
22, 1184866, 1187065,2200,+,eps8l3a,ENSDARG00000101979, 1, 19.78417266,0.950000000,0.400000000,0.285714286,0.645833333,0.838709677,0.482758621
1,59326030,59328229,2200,+,CABZ01052576.1,ENSDARG00000102091, 1, 64.20460749,0.120000000,0.000000000,0.000000000,0.847058824,0.626262626,0.648648649
4,73773709,73775908,2200,-,si:dkey-262g12.10,ENSDARG00000102154, 1,-41.66666667,0.363636364,0.578947368,0.380952381,0.000000000,0.000000000,0.000000000
21,41509469,41511668,2200,+,stc2b,ENSDARG00000102206, 2,-31.05453796,0.841325196,0.633536585,0.691025641,0.333333333,0.275048356,0.636318654
5,54091431,54093630,2200,-,CR450749.3,ENSDARG00000102227, 1, 17.93378995,0.780487805,0.750000000,0.500000000,0.852459016,0.942857143,0.916666667
3,12833370,12835569,2200,+,si:ch211-8c17.3,ENSDARG00000102230, 1, 21.79487179,0.650000000,0.421052632,0.500000000,0.750000000,0.692307692,0.708333333
21,44512694,44514893,2200,-,zgc:136410,ENSDARG00000102241, 1, 17.30326426,0.569230769,0.666666667,0.714285714,0.813559322,0.833333333,0.734693878
4,38281710,38283909,2200,-,si:ch211-229l10.9,ENSDARG00000102273, 1, 24.76190476,0.659574468,0.577777778,0.857142857,0.939024390,0.865384615,0.970588235
3, 1388737, 1390936,2200,-,ddx47,ENSDARG00000102353, 2, 30.16980669,0.123076923,0.251879699,0.129671717,0.716561762,0.435222672,0.292921277
3,12890580,12892779,2200,-,btbd17b,ENSDARG00000102472, 1, 17.01860231,0.652173913,0.558823529,0.904761905,0.820224719,0.896551724,0.885714286
4,37695811,37698010,2200,-,si:dkey-3p4.1,ENSDARG00000102475, 4,-85.95729877,0.699448529,0.946637427,0.961538462,0.008928571,0.000000000,0.009346611
21,  242503,  244702,2200,+,stard4,ENSDARG00000102477, 1,-20.54620621,0.886792453,0.891891892,0.951388889,0.644628099,0.729281768,0.717241379
1,59251675,59253874,2200,-,olfm2b,ENSDARG00000102825, 6, 26.63402158,0.000000000,0.009803922,0.061507937,0.273325163,0.368734336,0.121305419
KN150212.1,    4871,    7070,2200,-,5S_rRNA,ENSDARG00000102882, 1, 33.92857143,0.345238095,0.250000000,0.095238095,0.452631579,0.617647059,0.943396226
21, 1012070, 1014269,2200,-,CABZ01057159.1,ENSDARG00000102894, 1, 21.20715873,0.551724138,0.540540541,0.117647059,0.447368421,0.875000000,0.756097561
25,37441194,37443393,2200,+,slc10a3,ENSDARG00000103220, 5, 29.30318201,0.541877242,0.537875597,0.585064935,0.794042291,0.897982465,0.812352586
8, 7772026, 7774225,2200,-,CR931813.1,ENSDARG00000103293, 6,-31.61598213,0.944444444,0.825181159,0.862373737,0.861805556,0.336744639,0.526340496
19,48370893,48373092,2200,-,rpl14,ENSDARG00000103433, 1,-22.46996802,1.000000000,0.875000000,0.909090909,0.970588235,0.619718310,0.714285714
1,  680917,  683116,2200,-,adamts1,ENSDARG00000103519, 2,-15.91955359,0.280000000,0.380000000,0.028571429,0.015038444,0.190270936,0.105250305
8,53535104,53537303,2200,-,actr8,ENSDARG00000103610, 3, 14.83902940,0.416666667,0.435897436,0.561403509,0.613135403,0.563957307,0.609453165
16,45106375,45108574,2200,-,FP085399.2,ENSDARG00000103738, 2, 47.85034014,0.080645161,0.217391304,0.047619048,0.425000000,0.766666667,0.642857143
21,45891063,45893262,2200,-,galnt10,ENSDARG00000103825, 2,-34.79190114,0.845098039,0.909090909,0.971428571,0.356368564,0.651154604,0.534080299
22, 1784230, 1786429,2200,+,znf1154,ENSDARG00000104065, 1, 23.58326068,0.814814815,0.384615385,0.714285714,0.955555556,0.800000000,0.785714286
14, 3505326, 3507525,2200,+,gstp1,ENSDARG00000104068, 1, 26.12932814,0.666666667,0.217391304,0.235294118,0.655555556,0.392156863,0.594594595
8,48556100,48558299,2200,+,si:ch211-215j19.12,ENSDARG00000104072, 1, 16.80078955,0.714285714,0.842105263,0.685185185,0.905660377,0.928571429,0.872727273
5,53822959,53825158,2200,+,sat2b,ENSDARG00000104221, 2, 33.58567635,0.181818182,0.347439545,0.210526316,0.555555556,0.500000000,0.718421053
12,32400084,32402283,2200,+,CT573006.2,ENSDARG00000104417, 2, -6.98902751,0.500000000,0.784921369,0.477724359,0.518867925,0.454797980,0.582352941
19,46156078,46158277,2200,+,cap2,ENSDARG00000104478, 1, 19.23886640,0.489130435,0.927272727,0.935483871,0.937062937,0.918367347,0.928571429
21, 2287390, 2289589,2200,-,si:ch73-299h12.4,ENSDARG00000104605, 1, 20.75043585,0.707692308,0.689189189,0.783333333,0.895238095,0.964285714,0.925170068
14,21220287,21222486,2200,+,si:ch211-175m2.4,ENSDARG00000104800, 1, 19.41919192,0.888888889,0.857142857,0.529411765,0.916666667,0.958333333,0.901960784
1,25863440,25865639,2200,-,CU929073.1,ENSDARG00000104824, 2, 30.16779174,0.514610390,0.421052632,0.531623932,0.926742532,0.627170582,0.975304878
19,48022457,48024656,2200,+,kpnb1,ENSDARG00000104889,15,-25.23857658,0.975285539,0.973232642,0.958475957,0.967376967,0.566574200,0.810169662
25, 1129420, 1131619,2200,+,ciao2a,ENSDARG00000104940, 1,-22.20830523,0.909090909,0.739130435,0.933333333,0.662500000,0.500000000,0.770270270
KN149795.1,   17101,   19300,2200,-,CABZ01078601.2,ENSDARG00000105016, 1, 29.62962963,0.000000000,0.000000000,0.000000000,0.365853659,0.164705882,0.527777778
22,23969510,23971709,2200,-,AL935303.1,ENSDARG00000105171, 1,-20.24063357,0.769230769,0.866666667,0.916666667,0.756756757,0.782608696,0.500000000
14,  451356,  453555,2200,-,FAT4,ENSDARG00000105285, 2, 16.71905081,0.148148148,0.189873418,0.258928571,0.363697706,0.363636364,0.381582465
14,27338832,27341031,2200,-,CU062454.1,ENSDARG00000105327, 5, 31.11458440,0.335083784,0.268292683,0.274047619,0.589103501,0.622222222,0.604545455
7, 6315866, 6318065,2200,+,si:ch211-220f21.3,ENSDARG00000105379, 1,-42.88547540,0.478632479,0.000000000,0.464285714,0.020833333,0.071428571,0.000000000
11, 2594667, 2596866,2200,+,dnajc14,ENSDARG00000105398, 1, 30.38133741,0.562500000,0.563380282,0.585365854,0.935483871,0.703703704,0.905882353
11,40761119,40763318,2200,-,FP236327.1,ENSDARG00000105402, 1, 37.39952719,0.652173913,0.000000000,0.593750000,0.818181818,0.526315789,0.847457627
7, 4315660, 4317859,2200,-,si:ch211-63p21.8,ENSDARG00000105443, 1,-20.51127820,0.930232558,0.848484848,0.789473684,0.842105263,0.372549020,0.708333333
11,17097734,17099933,2200,-,CR769769.2,ENSDARG00000105445, 8,-29.82510387,0.782133732,0.740788520,0.677729529,0.494652406,0.423991463,0.511363636
18,43363890,43366089,2200,+,si:ch211-129p13.1,ENSDARG00000105447, 1,-33.89830508,0.250000000,0.222222222,0.617647059,0.000000000,0.000000000,0.000000000
11,34255021,34257220,2200,-,FO681390.1,ENSDARG00000105480, 1, 40.59674997,0.133561644,0.423312883,0.488958991,0.713043478,0.729281768,0.777777778
4,74466504,74468703,2200,-,LO018124.1,ENSDARG00000105746, 1, 37.09689056,0.000000000,0.137931034,0.000000000,0.591836735,0.258064516,0.446428571
21,21540925,21543124,2200,-,CR391925.1,ENSDARG00000105817, 1,-73.55311355,1.000000000,0.783783784,0.866666667,0.055555556,0.242424242,0.018518519
5, 8722844, 8725043,2200,-,5S_rRNA,ENSDARG00000106327, 2, 20.48911376,0.604395604,0.722222222,0.714690868,0.661046512,0.935097834,0.848484848
7,68676939,68679138,2200,+,5S_rRNA,ENSDARG00000106401, 1,-17.38453555,0.956521739,1.000000000,1.000000000,0.700000000,0.782608696,1.000000000
14,48349403,48351602,2200,-,5S_rRNA,ENSDARG00000106689, 1, 31.43736351,0.689655172,0.416666667,0.500000000,0.984375000,0.742857143,0.769230769
17,46669904,46672103,2200,-,AL953848.1,ENSDARG00000106768, 1,-18.56672503,0.615384615,0.544444444,0.594059406,0.453744493,0.432065217,0.322580645
14,49602362,49604561,2200,+,LO018188.1,ENSDARG00000106873, 1, 31.58774746,0.685714286,0.459459459,0.764705882,0.904761905,0.925925926,0.941176471
22,36683857,36686056,2200,-,SNORD82,ENSDARG00000107036, 1,-31.81818182,0.411764706,0.538461538,0.523809524,0.181818182,0.043478261,0.387096774
23,44010342,44012541,2200,-,5S_rRNA,ENSDARG00000107169, 1, 20.12488174,0.642857143,0.616666667,0.571428571,0.795454545,0.786885246,0.857142857
19, 7304467, 7306666,2200,+,FP085394.1,ENSDARG00000107337, 1,-19.50000000,0.039473684,0.473684211,0.134328358,0.000000000,0.000000000,0.000000000
12,48960109,48962308,2200,-,slc18a3b,ENSDARG00000107527, 1, 31.19805851,0.004098361,0.100000000,0.103448276,0.140350877,0.422310757,0.391025641
18, 9266979, 9269178,2200,-,5S_rRNA,ENSDARG00000107867, 1,-29.55086222,0.912280702,0.941176471,0.500000000,0.336448598,0.613259669,0.731182796
5,51808809,51811008,2200,+,5S_rRNA,ENSDARG00000108024, 1,-15.57539683,1.000000000,0.857142857,1.000000000,0.818181818,0.894736842,0.764705882
13,51851716,51853915,2200,+,LT631684.1,ENSDARG00000108326, 3,-36.02837234,0.868279570,0.838971106,0.800000000,0.404459974,0.646191887,0.301549983
11,44022762,44024961,2200,+,5S_rRNA,ENSDARG00000108422, 1, 49.26406926,0.000000000,0.477272727,0.000000000,0.789473684,0.500000000,0.777777778
9,56090942,56093141,2200,-,5S_rRNA,ENSDARG00000108967, 1, 43.78309954,0.312000000,0.661764706,0.750000000,0.956521739,0.945054945,0.937500000
11,  459731,  461930,2200,-,5S_rRNA,ENSDARG00000109176, 2,-30.14706012,0.726874599,0.427533745,0.692307692,0.151785714,0.542483660,0.104166667
9,10768898,10771097,2200,-,tmbim1b,ENSDARG00000109373, 1,-51.57894737,0.592592593,0.574468085,0.285714286,0.000000000,0.000000000,0.000000000
11,11445786,11447985,2200,-,Metazoa_SRP,ENSDARG00000109517, 3, 17.26444882,0.004694836,0.246127946,0.033354180,0.244444444,0.272787337,0.233241758
13,38870602,38872801,2200,-,BX323574.1,ENSDARG00000109601, 1,-44.33198381,0.909090909,0.666666667,0.500000000,0.000000000,0.045454545,0.316666667
3, 9377877, 9380076,2200,+,gpr139,ENSDARG00000109742, 3,-27.90773840,0.569444444,0.800903120,0.625000000,0.327745886,0.368382924,0.653333333
4,45439669,45441868,2200,+,si:ch211-162i8.7,ENSDARG00000109749, 1, 19.32710280,0.812500000,0.750000000,0.733333333,0.959183673,1.000000000,0.928571429
20,19355658,19357857,2200,+,5S_rRNA,ENSDARG00000109927, 2, -4.78173478,0.596674877,0.587500000,0.933333333,0.685294118,0.537438424,0.813333333
3, 2957343, 2959542,2200,+,BX004816.3,ENSDARG00000109940, 1, 26.43387452,0.716666667,0.400000000,0.000000000,0.880000000,0.839285714,0.684210526
10,  587501,  589700,2200,+,LO018557.1,ENSDARG00000110346, 1,-65.07383441,0.541666667,0.911111111,1.000000000,0.000000000,0.156626506,0.159090909
18,50862740,50864939,2200,-,CABZ01113373.1,ENSDARG00000110545, 2,-16.55732627,0.726092090,0.839882943,0.820535714,0.631108985,0.615028249,0.561150500
17, 2165571, 2167770,2200,-,5S_rRNA,ENSDARG00000110582, 1, 15.56962025,0.933333333,1.000000000,0.578947368,1.000000000,0.945945946,0.896551724
10,38434300,38436499,2200,-,5S_rRNA,ENSDARG00000110735, 1, 18.98351648,0.888888889,0.692307692,0.692307692,0.931034483,0.958333333,0.909090909
4,46648780,46650979,2200,-,BX927193.2,ENSDARG00000111026, 1,-19.55380910,0.953846154,0.971428571,1.000000000,0.693333333,0.877358491,0.770114943
4,41361861,41364060,2200,-,U1,ENSDARG00000111055, 1, 20.51599587,0.750000000,0.888888889,0.692307692,1.000000000,0.972222222,1.000000000
9,43773251,43775450,2200,+,5S_rRNA,ENSDARG00000111149, 1, 26.04422604,0.916666667,0.529411765,0.678571429,0.950000000,0.800000000,0.923076923
4,68563663,68565862,2200,-,wu:fi09b08,ENSDARG00000111458, 2,-52.34352530,0.400000000,0.655448718,0.701416208,0.200000000,0.122448980,0.043103448
23, 2359184, 2361383,2200,+,CABZ01048666.1,ENSDARG00000111585, 1,-35.64814815,0.970760234,1.000000000,1.000000000,0.575000000,0.539823009,0.845070423
19,38464214,38466413,2200,-,5S_rRNA,ENSDARG00000111597, 1,-21.05263158,0.952380952,0.941176471,1.000000000,0.444444444,0.791666667,0.923076923
22, 1429743, 1431942,2200,+,BX322657.2,ENSDARG00000111659, 1, 23.02995512,0.000000000,0.011627907,0.000000000,0.260869565,0.228571429,0.205128205
18, 3002572, 3004771,2200,+,CABZ01002690.1,ENSDARG00000111693, 1, 62.88410887,0.000000000,0.291666667,0.062500000,0.941176471,0.375000000,0.640000000
13,51846025,51848224,2200,-,lbh,ENSDARG00000111701, 1,-38.05880947,0.208333333,0.900000000,0.461538462,0.090909091,0.021276596,0.000000000
22,30494360,30496559,2200,+,BX649490.4,ENSDARG00000111856, 1,-68.52073017,0.944444444,0.987804878,0.953608247,0.388297872,0.238095238,0.206666667
4,48455918,48458117,2200,-,U1,ENSDARG00000111887, 1, 15.66154250,0.691588785,0.757575758,0.857142857,0.914893617,0.909090909,0.903225806
22, 2030023, 2032222,2200,+,znf1174,ENSDARG00000112145, 2, 12.57548354,0.472972973,0.481481481,0.583333333,0.701865582,0.532647350,0.686010619
5,66759506,66761705,2200,+,CU914811.1,ENSDARG00000112159, 2, 20.58231731,0.867800633,0.083333333,0.749945923,0.961275816,0.966891285,0.961538462
5, 2691601, 2693800,2200,+,rabepk,ENSDARG00000112165, 1, 18.07692308,1.000000000,0.666666667,0.733333333,1.000000000,0.928571429,1.000000000
10,40779052,40781251,2200,+,taar19c,ENSDARG00000112400, 1,-33.53463894,1.000000000,0.793103448,0.714285714,0.583333333,0.351351351,0.589743590
15, 3823117, 3825316,2200,+,CABZ01061591.1,ENSDARG00000112977, 3,-16.59131291,0.851473657,0.895833333,0.964912281,0.630411874,0.763918843,0.758333333
4,68563959,68566158,2200,-,dre-mir-738,ENSDARG00000113006, 2,-52.34352530,0.400000000,0.655448718,0.701416208,0.200000000,0.122448980,0.043103448
15,  425557,  427756,2200,-,CABZ01056628.1,ENSDARG00000113271, 1, 43.39443892,0.046153846,0.454545455,0.529411765,0.619718310,0.596638655,0.675675676
14,45211093,45213292,2200,+,BEND4,ENSDARG00000113607, 1,-18.88803287,0.150684932,0.275000000,0.684210526,0.000000000,0.076923077,0.200000000
16,44648854,44651053,2200,-,RIMS2,ENSDARG00000113702, 2,-34.88781827,0.181818182,0.675438596,0.143589744,0.000000000,0.111111111,0.000000000
18, 7631102, 7633301,2200,-,trim35-30,ENSDARG00000114099, 1,-30.27083333,0.666666667,0.606060606,0.800000000,0.555555556,0.444444444,0.250000000
9, 5241476, 5243675,2200,+,CABZ01075242.1,ENSDARG00000114227, 1,-46.27376768,0.892857143,0.777777778,0.923076923,0.147540984,0.764705882,0.280000000
11, 6372448, 6374647,2200,+,AL840638.2,ENSDARG00000114350, 1,-32.92358804,1.000000000,0.636363636,0.622222222,0.465116279,0.462500000,0.163265306
12, 3260564, 3262763,2200,+,tmem101,ENSDARG00000114508, 1, 16.04157517,0.516666667,0.795918367,0.846153846,0.863636364,0.823529412,0.827586207
14, 1666955, 1669154,2200,-,LO018106.1,ENSDARG00000114649, 3,-18.41499826,0.930743013,0.753639893,0.822680253,0.563532764,0.689138577,0.671296296
10, 9016638, 9018837,2200,-,5S_rRNA,ENSDARG00000114663, 2, 19.58498736,0.435626525,0.601063830,0.740384615,0.765288998,0.647058824,0.668781250
4,55825086,55827285,2200,+,CT583728.20,ENSDARG00000114924, 2,-17.54986383,0.904596028,0.901722391,0.772938444,0.358333333,0.621562710,0.969155844
17,23253365,23255564,2200,+,AL935174.3,ENSDARG00000115129, 1, 21.65701682,0.000000000,0.066666667,0.044444444,0.181818182,0.628571429,0.083333333
12,29809844,29812043,2200,+,5S_rRNA,ENSDARG00000115156, 1, 17.80923994,1.000000000,0.828571429,0.590909091,0.923076923,1.000000000,0.939393939
17,25061171,25063370,2200,+,5S_rRNA,ENSDARG00000115168, 1, 47.16840537,0.083333333,1.000000000,0.380952381,0.945945946,0.896551724,0.962962963
6,   29684,   31883,2200,+,MARF1,ENSDARG00000115222,15,-36.88481623,0.411156022,0.332478982,0.561555075,0.038518396,0.088435546,0.021640893
4,65236361,65238560,2200,-,U1,ENSDARG00000115312, 1,-18.03278689,1.000000000,1.000000000,1.000000000,0.852713178,0.800000000,0.766666667
12,   11371,   13570,2200,-,shisa6,ENSDARG00000115501, 1, 27.45052205,0.032558140,0.013698630,0.047619048,0.264150943,0.538043478,0.000000000
14,48348774,48350973,2200,-,CABZ01080056.1,ENSDARG00000115504, 1, 31.43736351,0.689655172,0.416666667,0.500000000,0.984375000,0.742857143,0.769230769
5,  487776,  489975,2200,-,5S_rRNA,ENSDARG00000115526, 1,-50.00000000,0.500000000,0.181818182,0.733333333,0.000000000,0.000000000,0.000000000
16,50935107,50937306,2200,-,5S_rRNA,ENSDARG00000115590, 1, 29.64972311,0.812500000,0.627450980,0.441176471,0.943925234,0.953947368,0.920000000
13,  869609,  871808,2200,-,AL929536.5,ENSDARG00000115762, 1, 29.84111969,0.738461538,0.803030303,0.451612903,0.946808511,0.975609756,0.984615385
4,55756103,55758302,2200,+,CT583728.23,ENSDARG00000115819, 1, 22.89178267,0.651162791,0.827586207,0.692307692,0.935483871,0.964912281,0.916666667
4,77557080,77559279,2200,-,AL935186.10,ENSDARG00000115988, 2, 16.14374215,0.536239479,0.549873986,0.608614232,0.648148148,0.817522711,0.661875726
1,58900734,58902933,2200,-,CABZ01084501.3,ENSDARG00000116066, 1, 33.40144842,0.353723404,0.422096317,0.349593496,0.787401575,0.727828746,0.636815920
9,22135377,22137576,2200,-,crygm2d8,ENSDARG00000116164, 1, 23.73310811,0.656250000,0.250000000,0.230769231,0.718309859,0.714285714,0.448275862
4,38877725,38879924,2200,-,znf1127,ENSDARG00000116177, 1, 28.43674431,0.555555556,0.348837209,0.380952381,0.646258503,0.774193548,0.693181818
1,12733920,12736119,2200,+,5S_rRNA,ENSDARG00000116228, 1, 15.50099206,0.800000000,1.000000000,0.523809524,0.913793103,0.901408451,0.950000000
6,22535132,22537331,2200,+,BX537277.2,ENSDARG00000116268, 1,-23.56714617,0.894927536,0.738461538,1.000000000,0.658682635,0.693950178,0.598870056
10,18555102,18557301,2200,+,CR388008.1,ENSDARG00000116400, 4, 43.76344993,0.313612155,0.467647059,0.533783784,0.887315271,0.868993994,0.857843137
2,54946635,54948834,2200,-,CABZ01086574.1,ENSDARG00000116404, 1,-16.38635596,0.250000000,0.040000000,0.220000000,0.000000000,0.006134969,0.014285714
13,52004253,52006452,2200,+,npas4l,ENSDARG00000116511, 2,-29.99968218,0.166666667,0.928571429,0.866666667,0.471132898,0.298060529,0.245901639
1,24825064,24827263,2200,-,5S_rRNA,ENSDARG00000116715, 2, 19.23863189,0.742036011,0.948714202,0.695238095,0.961719884,0.967894525,0.971478075
4,48182797,48184996,2200,+,U1,ENSDARG00000116910, 1,-28.10084034,0.946666667,0.806451613,0.875000000,0.521739130,0.703703704,0.640522876
1,56556127,56558326,2200,-,CABZ01059408.1,ENSDARG00000116928, 2, 24.12957749,0.776666667,0.843750000,0.651162791,0.964285714,0.964285714,0.967865468
25, 9536680, 9538879,2200,-,AL935322.1,ENSDARG00000117301, 1, 17.72151899,0.666666667,0.878787879,0.702702703,1.000000000,1.000000000,0.857142857
17,37898421,37900620,2200,+,BX248106.1,ENSDARG00000117332, 1, 28.77382573,0.391304348,0.381818182,0.371428571,0.737864078,0.500000000,0.661538462
6, 1273526, 1275725,2200,-,CU855799.1,ENSDARG00000117386, 1, 31.94737697,0.622222222,0.533333333,0.634146341,0.888888889,0.890625000,0.957142857
21, 8690022, 8692221,2200,+,FP103074.1,ENSDARG00000117422, 2,-26.41636629,0.456362613,0.948677249,0.780139373,0.428571429,0.500000000,0.461472234
6, 2489733, 2491932,2200,+,LO017858.1,ENSDARG00000117673, 1, 25.77915411,0.437037037,0.425000000,0.483870968,0.925619835,0.617737003,0.703883495
18,50784633,50786832,2200,+,CABZ01102518.1,ENSDARG00000117772, 2, -7.13086830,0.805222427,0.605834642,0.645833333,0.565504808,0.680831292,0.565478460
13,51443949,51446148,2200,+,CABZ01078767.1,ENSDARG00000117816, 1, 24.67410626,0.172413793,0.628571429,0.187500000,0.509433962,0.385135135,0.743589744
